Fund Name,Firm Name,Fund Size US$ Bil.,2001,2002,2003,2004,2005,2006,2007,2008,2009,2010,2011,,,,,,,,,,,,,,,,,,,SECID,Firm Total Assets,Firm Total Assets Date
Winton Futures USD Cls B,Winton Capital Management Limited,9.89,7.11,18.34,27.75,22.63,9.73,17.83,17.97,20.99,-4.63,14.46,6.29,,,,,,,,,,,,,,,,,,,FHUSA04AS7,"17,197,000.00",12/31/10
Millennium International Ltd,Millennium International Management LP,8.84,15.26,9.61,10.89,14.68,11.31,16.43,10.99,-3.04,16.28,13.22,8.39,,,,,,,,,,,,,,,,,,,FOUSA05L8T,"14,476,000,000.00",1/31/12
Transtrend DTP - Enhanced Risk (USD),Transtrend BV,8.38,26.36,26.26,8.48,12.82,5.99,12.04,22.38,29.38,-11.27,14.89,-8.65,,,,,,,,,,,,,,,,,,,FHUSA04DK7,"9,500,000,000.00",1/31/12
The Genesis Emerging Mkts Invt Com A,"Genesis Investment Management, LLP",6.7,4.62,-1.77,61.98,31.53,37.86,30.22,31.68,-49.3,90.44,25.06,-15.29,,,,,,,,,,,,,,,,,,,F00000NA7C,,
Aspect Diversified Programme,Aspect Capital Limited,5.71,15.79,19.19,20.59,-7.72,12.01,12.84,8.18,25.42,-11.24,15.36,4.51,,,,,,,,,,,,,,,,,,,F00000M7ZK,"6,254,000,000.00",1/31/12
Aurora Offshore Fund Ltd.,Aurora Investment Management L.L.C.,5.56,9.82,1.31,13.58,8.15,9.47,10.95,13.14,-21.69,21.26,7.31,-6.01,,,,,,,,,,,,,,,,,,,FOUSA05KXG,"10,211,000,000.00",12/31/11
Permal Macro Holdings Ltd USD A,Permal Asset Management Inc.,5.35,14.66,8.03,12.56,4.86,10.65,9.48,8.9,-5.16,9.83,6.38,-3.27,,,,,,,,,,,,,,,,,,,FHUSA04B9K,,
Canyon Value Realization Cayman Ltd A,Canyon Capital Advisors LLC,5.21,12.69,5.21,21.87,13.56,8.35,14.08,7.52,-28.36,55.2,13.46,-4.66,,,,,,,,,,,,,,,,,,,FHUSA04GWT,"994,000,000.00",10/31/10
Permal Fixed Income Holdings NV USD A,Permal Asset Management Inc.,4.51,11.5,10.47,17.59,9.37,7.69,10.48,8.42,-18.4,27.32,10.4,-5.28,,,,,,,,,,,,,,,,,,,FHUSA04B9V,,
Absolute Alpha Fund PCC Diversified,Financial Risk Management Limited,4.47,9.33,6.36,8.07,4.06,7,8.94,16.33,-23.02,10.51,5.36,-2.06,,,,,,,,,,,,,,,,,,,FOUSA0890B,"8,474,000,000.00",12/31/11
Caxton Global Investments Ltd,Caxton Associates LP,4.4,31.41,26.44,8.09,9.97,8.03,13.17,1.06,12.96,5.83,11.42,0,,,,,,,,,,,,,,,,,,,FOUSA09GAQ,,
GAM U.S. Institutional Trading,GAM Sterling Management Limited,3.57,16.34,10.69,14.74,3.55,4.98,8.68,9.48,7.57,8.32,7.8,-2.4,,,,,,,,,,,,,,,,,,,FOUSA08GWO,"16,971,700,000.00",11/30/03
K4D-10V Portfolio,Graham Capital Management,3.54,6.45,18.76,8.46,5.56,-7.52,5.02,11.62,21.82,1.41,2.46,0,,,,,,,,,,,,,,,,,,,FOUSA05L4O,"7,385,500,000.00",1/31/12
K4D-15V Portfolio,Graham Capital Management,3.54,39.31,43.71,21.6,-0.43,-16.97,6.64,16.57,35.67,3.11,4.58,0,,,,,,,,,,,,,,,,,,,FOUSA05L4P,"7,385,500,000.00",1/31/12
Orbis Optimal (US$) Fund,Orbis Investment Management Limited,3.43,29.01,12.15,10.84,2.25,8.6,4.95,6.98,-2.49,9.92,-3.93,-2.32,,,,,,,,,,,,,,,,,,,F0GBR06MVP,"22,598,000,000.00",9/30/11
GAM Trading II USD Open,GAM Sterling Management Limited,3.09,14.78,10.55,14.49,3.84,4.8,7.44,7.93,5.78,6.55,5.97,-4.11,,,,,,,,,,,,,,,,,,,FOUSA05L3Q,"16,971,700,000.00",11/30/03
Double Black Diamond Ltd (Carlson),Carlson Capital LP.,2.98,11.94,2.12,7.62,4.7,5.08,21.12,15.96,-12.4,28.34,9.3,-2.67,,,,,,,,,,,,,,,,,,,FHUSA04GXR,"6,629,000,000.00",12/31/11
GoldenTree High Yield Master Fund Ltd,Goldentree Asset Management LP,2.65,18.3,6.24,31.42,9.89,13.35,13.21,4.6,-38.6,69.94,23.61,,,,,,,,,,,,,,,,,,,,FHUSA04E0X,,
Bay Resource Partners Offshore Fund Ltd,GMT Capital Corp,2.45,29.32,0.03,23.24,27.97,30.95,21.65,19.84,-20.88,56.6,15.9,-4.19,,,,,,,,,,,,,,,,,,,FHUSA04BHD,"4,631,000,000.00",12/31/11
GAM U.S. Institutional Diversity,GAM Sterling Management Limited,2.43,9.56,4.95,14.6,6.14,10.48,16.74,7.76,-13.96,6.78,-1.14,-2.79,,,,,,,,,,,,,,,,,,,FOUSA05L3K,"16,971,700,000.00",11/30/03
,,,,,,,,,,,,,,,,,,,,,,,,,,,,,,,,FOUSA09KE6,"43,619,000,000.00",9/30/11
,,,,,,,,,,,,,,,,,,,,,,,,,,,,,,,,FHUSA04GWU,"994,000,000.00",10/31/10
,,,,,,,,,,,,,,,,,,,,,,,,,,,,,,,,FHUSA04GF2,"6,870,000,000.00",1/31/12
,,,,,,,,,,,,,,,,,,,,,,,,,,,,,,,,F0GBR05B68,,
,,,,,,,,,,,,,,,,,,,,,,,,,,,,,,,,F00000LW1Z,,
,,,,,,,,,,,,,,,,,,,,,,,,,,,,,,,,F00000MG5Y,,
,,,,,,,,,,,,,,,,,,,,,,,,,,,,,,,,F00000MG5Z,,
,,,,,,,,,,,,,,,,,,,,,,,,,,,,,,,,F00000H10Q,"44,174,060,000.00",12/31/11
,,,,,,,,,,,,,,,,,,,,,,,,,,,,,,,,F00000H10R,"44,174,060,000.00",12/31/11
,,,,,,,,,,,,,,,,,,,,,,,,,,,,,,,,F00000MHWT,,
,,,,,,,,,,,,,,,,,,,,,,,,,,,,,,,,FOUSA07XYY,,
,,,,,,,,,,,,,,,,,,,,,,,,,,,,,,,,FOUSA05KZP,"3,152,000,000.00",12/31/11
,,,,,,,,,,,,,,,,,,,,,,,,,,,,,,,,FHUSA04F5W,"3,152,000,000.00",12/31/11
,,,,,,,,,,,,,,,,,,,,,,,,,,,,,,,,F00000NA7U,,
,,,,,,,,,,,,,,,,,,,,,,,,,,,,,,,,FHUSA04ICQ,,
,,,,,,,,,,,,,,,,,,,,,,,,,,,,,,,,FOUSA05LBE,"2,163,000,000.00",11/30/11
,,,,,,,,,,,,,,,,,,,,,,,,,,,,,,,,FOUSA08S0J,"6,186,841,665.00",1/31/12
,,,,,,,,,,,,,,,,,,,,,,,,,,,,,,,,FOUSA08QVH,,
,,,,,,,,,,,,,,,,,,,,,,,,,,,,,,,,FHUSA04E31,"7,385,500,000.00",1/31/12
,,,,,,,,,,,,,,,,,,,,,,,,,,,,,,,,F00000H6I2,"7,385,500,000.00",1/31/12
,,,,,,,,,,,,,,,,,,,,,,,,,,,,,,,,FOUSA08PHO,"7,385,500,000.00",1/31/12
,,,,,,,,,,,,,,,,,,,,,,,,,,,,,,,,F00000LZI4,,
,,,,,,,,,,,,,,,,,,,,,,,,,,,,,,,,FHUSA04DWG,"3,636,800,000.00",12/31/11
,,,,,,,,,,,,,,,,,,,,,,,,,,,,,,,,F00000MG18,"10,869,500,000.00",4/30/11
,,,,,,,,,,,,,,,,,,,,,,,,,,,,,,,,FHUSA04F6W,"2,661,462,526.00",7/31/11
,,,,,,,,,,,,,,,,,,,,,,,,,,,,,,,,FHUSA04ALJ,"2,130,000,000.00",12/31/11
,,,,,,,,,,,,,,,,,,,,,,,,,,,,,,,,FHUSA04E9E,"10,211,000,000.00",12/31/11
,,,,,,,,,,,,,,,,,,,,,,,,,,,,,,,,FHUSA04AQ3,"4,499,000,000.00",12/31/11
,,,,,,,,,,,,,,,,,,,,,,,,,,,,,,,,FOUSA05L4F,,
,,,,,,,,,,,,,,,,,,,,,,,,,,,,,,,,FOUSA05L4G,,
,,,,,,,,,,,,,,,,,,,,,,,,,,,,,,,,FHUSA04HEZ,"7,648,180,000.00",3/31/11
,,,,,,,,,,,,,,,,,,,,,,,,,,,,,,,,FOUSA08RKN,"3,189,000,000.00",12/31/11
,,,,,,,,,,,,,,,,,,,,,,,,,,,,,,,,FOUSA08MNA,"22,598,000,000.00",9/30/11
,,,,,,,,,,,,,,,,,,,,,,,,,,,,,,,,F00000M0BA,"21,203,625,001.00",11/30/11
,,,,,,,,,,,,,,,,,,,,,,,,,,,,,,,,FHUSA04B82,,
,,,,,,,,,,,,,,,,,,,,,,,,,,,,,,,,FHUSA04B83,,
,,,,,,,,,,,,,,,,,,,,,,,,,,,,,,,,FHUSA04B2W,"2,812,000,000.00",9/30/11
,,,,,,,,,,,,,,,,,,,,,,,,,,,,,,,,FOUSA06J9R,"4,601,700,000.00",12/31/11
,,,,,,,,,,,,,,,,,,,,,,,,,,,,,,,,FHUSA04B13,"3,211,905,835.00",6/30/09
,,,,,,,,,,,,,,,,,,,,,,,,,,,,,,,,FOUSA06UDK,"3,211,905,835.00",6/30/09
,,,,,,,,,,,,,,,,,,,,,,,,,,,,,,,,F00000LW20,,
,,,,,,,,,,,,,,,,,,,,,,,,,,,,,,,,F00000MG5M,,
,,,,,,,,,,,,,,,,,,,,,,,,,,,,,,,,F00000NFKD,"2,349,000,000.00",11/30/11
,,,,,,,,,,,,,,,,,,,,,,,,,,,,,,,,FHUSA04CSW,"2,349,000,000.00",11/30/11
,,,,,,,,,,,,,,,,,,,,,,,,,,,,,,,,FHUSA04ESH,"1,782,500,000.00",12/31/11
,,,,,,,,,,,,,,,,,,,,,,,,,,,,,,,,FHUSA04DY2,,
,,,,,,,,,,,,,,,,,,,,,,,,,,,,,,,,FHUSA04C6K,"2,533,252,588.00",12/31/11
,,,,,,,,,,,,,,,,,,,,,,,,,,,,,,,,F00000LICV,"30,000,000,000.00",5/31/11
,,,,,,,,,,,,,,,,,,,,,,,,,,,,,,,,FOUSA06Y3E,,
,,,,,,,,,,,,,,,,,,,,,,,,,,,,,,,,FOUSA08NW7,,
,,,,,,,,,,,,,,,,,,,,,,,,,,,,,,,,FOUSA05JU8,"4,600,000,000.00",8/31/11
,,,,,,,,,,,,,,,,,,,,,,,,,,,,,,,,FOUSA05LAF,"4,600,000,000.00",8/31/11
,,,,,,,,,,,,,,,,,,,,,,,,,,,,,,,,FOUSA05LAG,"4,600,000,000.00",8/31/11
,,,,,,,,,,,,,,,,,,,,,,,,,,,,,,,,FOUSA0905S,"5,485,000,000.00",12/31/11
,,,,,,,,,,,,,,,,,,,,,,,,,,,,,,,,FOUSA05L80,"2,939,000,000.00",1/31/12
,,,,,,,,,,,,,,,,,,,,,,,,,,,,,,,,F000000RH9,,
,,,,,,,,,,,,,,,,,,,,,,,,,,,,,,,,F00000ITYL,,
,,,,,,,,,,,,,,,,,,,,,,,,,,,,,,,,FOUSA05L1O,"6,629,000,000.00",12/31/11
,,,,,,,,,,,,,,,,,,,,,,,,,,,,,,,,FOUSA06JA1,,
,,,,,,,,,,,,,,,,,,,,,,,,,,,,,,,,FOUSA06KFO,"8,160,000,000.00",9/30/11
,,,,,,,,,,,,,,,,,,,,,,,,,,,,,,,,FOUSA06KFP,"8,160,000,000.00",9/30/11
,,,,,,,,,,,,,,,,,,,,,,,,,,,,,,,,FOUSA06MKT,"8,160,000,000.00",9/30/11
,,,,,,,,,,,,,,,,,,,,,,,,,,,,,,,,FHUSA04B9C,"7,000,000,000.00",4/30/11
,,,,,,,,,,,,,,,,,,,,,,,,,,,,,,,,FOUSA0603F,"7,000,000,000.00",4/30/11
,,,,,,,,,,,,,,,,,,,,,,,,,,,,,,,,FOUSA06NVH,"21,203,625,001.00",11/30/11
,,,,,,,,,,,,,,,,,,,,,,,,,,,,,,,,FOUSA08OZV,"1,597,497,376.00",12/31/11
,,,,,,,,,,,,,,,,,,,,,,,,,,,,,,,,FOUSA08OZW,"1,597,497,376.00",12/31/11
,,,,,,,,,,,,,,,,,,,,,,,,,,,,,,,,FHUSA04BOH,"127,000,000,000.00",1/31/12
,,,,,,,,,,,,,,,,,,,,,,,,,,,,,,,,FOUSA08Z53,,
,,,,,,,,,,,,,,,,,,,,,,,,,,,,,,,,F00000M9CI,"5,220,907,000.00",7/31/11
,,,,,,,,,,,,,,,,,,,,,,,,,,,,,,,,F00000M9CJ,"5,220,907,000.00",7/31/11
,,,,,,,,,,,,,,,,,,,,,,,,,,,,,,,,F00000M9CH,"5,220,907,000.00",7/31/11
,,,,,,,,,,,,,,,,,,,,,,,,,,,,,,,,F00000MGC9,"5,220,907,000.00",7/31/11
,,,,,,,,,,,,,,,,,,,,,,,,,,,,,,,,FOUSA06VN5,,
,,,,,,,,,,,,,,,,,,,,,,,,,,,,,,,,FOUSA06VN6,,
,,,,,,,,,,,,,,,,,,,,,,,,,,,,,,,,FOUSA06VN7,,
,,,,,,,,,,,,,,,,,,,,,,,,,,,,,,,,FHUSA04CFL,"1,448,700,000.00",1/31/12
,,,,,,,,,,,,,,,,,,,,,,,,,,,,,,,,FHUSA04CFN,"1,448,700,000.00",1/31/12
,,,,,,,,,,,,,,,,,,,,,,,,,,,,,,,,FOUSA08Z7U,"2,329,114,054.00",7/31/09
,,,,,,,,,,,,,,,,,,,,,,,,,,,,,,,,FHUSA04CG5,"2,329,114,054.00",7/31/09
,,,,,,,,,,,,,,,,,,,,,,,,,,,,,,,,FHUSA04E1S,"8,160,000,000.00",9/30/11
,,,,,,,,,,,,,,,,,,,,,,,,,,,,,,,,FHUSA04E1U,"8,160,000,000.00",9/30/11
,,,,,,,,,,,,,,,,,,,,,,,,,,,,,,,,FHUSA04B46,"1,504,000,000.00",12/31/11
,,,,,,,,,,,,,,,,,,,,,,,,,,,,,,,,FOUSA05KXD,"1,713,194,761.00",12/31/11
,,,,,,,,,,,,,,,,,,,,,,,,,,,,,,,,FOUSA06A7P,"2,661,462,526.00",7/31/11
,,,,,,,,,,,,,,,,,,,,,,,,,,,,,,,,FHUSA04AQ5,"4,499,000,000.00",12/31/11
,,,,,,,,,,,,,,,,,,,,,,,,,,,,,,,,FOUSA05KV4,"3,640,000,000.00",12/31/11
,,,,,,,,,,,,,,,,,,,,,,,,,,,,,,,,FOUSA06C57,"3,259,816,097.00",12/31/10
,,,,,,,,,,,,,,,,,,,,,,,,,,,,,,,,FOUSA0909H,"3,345,067,000,000.00",9/30/11
,,,,,,,,,,,,,,,,,,,,,,,,,,,,,,,,FHUSA04D6K,,
,,,,,,,,,,,,,,,,,,,,,,,,,,,,,,,,FOUSA06P2K,"3,300,000,000.00",7/31/11
,,,,,,,,,,,,,,,,,,,,,,,,,,,,,,,,FHUSA04BD1,"1,603,930,177.00",12/31/11
,,,,,,,,,,,,,,,,,,,,,,,,,,,,,,,,F00000ITJ0,,
,,,,,,,,,,,,,,,,,,,,,,,,,,,,,,,,FHUSA04CP4,,
,,,,,,,,,,,,,,,,,,,,,,,,,,,,,,,,F00000MA7S,,
,,,,,,,,,,,,,,,,,,,,,,,,,,,,,,,,F00000GWG3,"1,277,297,481.00",12/31/11
,,,,,,,,,,,,,,,,,,,,,,,,,,,,,,,,FOUSA08S1Y,"1,277,297,481.00",12/31/11
,,,,,,,,,,,,,,,,,,,,,,,,,,,,,,,,FOUSA08QPE,"1,277,297,481.00",12/31/11
,,,,,,,,,,,,,,,,,,,,,,,,,,,,,,,,FOUSA05KVK,,
,,,,,,,,,,,,,,,,,,,,,,,,,,,,,,,,F00000LICX,"30,000,000,000.00",5/31/11
,,,,,,,,,,,,,,,,,,,,,,,,,,,,,,,,FHUSA04B4A,"6,840,000,000.00",2/28/11
,,,,,,,,,,,,,,,,,,,,,,,,,,,,,,,,F00000N5ZL,"10,869,500,000.00",4/30/11
,,,,,,,,,,,,,,,,,,,,,,,,,,,,,,,,F00000M9OL,"10,869,500,000.00",4/30/11
,,,,,,,,,,,,,,,,,,,,,,,,,,,,,,,,FOUSA08ZIR,"2,812,000,000.00",9/30/11
,,,,,,,,,,,,,,,,,,,,,,,,,,,,,,,,FHUSA04DWH,"3,636,800,000.00",12/31/11
,,,,,,,,,,,,,,,,,,,,,,,,,,,,,,,,FHUSA04DK8,"9,500,000,000.00",1/31/12
,,,,,,,,,,,,,,,,,,,,,,,,,,,,,,,,FHUSA04BHC,"4,631,000,000.00",12/31/11
,,,,,,,,,,,,,,,,,,,,,,,,,,,,,,,,FOUSA08ZT4,"6,186,841,665.00",1/31/12
,,,,,,,,,,,,,,,,,,,,,,,,,,,,,,,,F0GBR06BP4,,
,,,,,,,,,,,,,,,,,,,,,,,,,,,,,,,,F0GBR06BP8,,
,,,,,,,,,,,,,,,,,,,,,,,,,,,,,,,,F0GBR06BPA,,
,,,,,,,,,,,,,,,,,,,,,,,,,,,,,,,,FOUSA08Z7F,"2,221,000,000.00",12/31/11
,,,,,,,,,,,,,,,,,,,,,,,,,,,,,,,,FOUSA09L3P,,
,,,,,,,,,,,,,,,,,,,,,,,,,,,,,,,,FOUSA06HQ6,"2,021,000,000.00",8/31/11
,,,,,,,,,,,,,,,,,,,,,,,,,,,,,,,,F000000CHI,"2,140,000,000.00",11/30/11
,,,,,,,,,,,,,,,,,,,,,,,,,,,,,,,,FOUSA05KWT,"1,301,048,261.00",1/31/12
,,,,,,,,,,,,,,,,,,,,,,,,,,,,,,,,FOUSA08647,,
,,,,,,,,,,,,,,,,,,,,,,,,,,,,,,,,FHUSA04H3X,"2,040,000,000.00",1/31/12
,,,,,,,,,,,,,,,,,,,,,,,,,,,,,,,,FOUSA07WT1,"988,000,000.00",1/31/12
,,,,,,,,,,,,,,,,,,,,,,,,,,,,,,,,F00000H5EG,"664,700,000.00",4/30/10
,,,,,,,,,,,,,,,,,,,,,,,,,,,,,,,,FHUSA04ASU,"2,410,439,237.00",12/31/10
,,,,,,,,,,,,,,,,,,,,,,,,,,,,,,,,FOUSA08NKV,"1,515,600,000.00",12/31/11
,,,,,,,,,,,,,,,,,,,,,,,,,,,,,,,,FHUSA04C11,"14,200,000,000.00",12/31/11
,,,,,,,,,,,,,,,,,,,,,,,,,,,,,,,,FHUSA04EOU,"2,939,000,000.00",1/31/12
,,,,,,,,,,,,,,,,,,,,,,,,,,,,,,,,FOUSA08ZGC,"61,969,000,000.00",9/30/11
,,,,,,,,,,,,,,,,,,,,,,,,,,,,,,,,FHUSA04HKD,"1,900,000,000.00",6/30/11
,,,,,,,,,,,,,,,,,,,,,,,,,,,,,,,,F0GBR06BYI,"99,277,224,542.00",3/31/11
,,,,,,,,,,,,,,,,,,,,,,,,,,,,,,,,F0GBR06BYL,"99,277,224,542.00",3/31/11
,,,,,,,,,,,,,,,,,,,,,,,,,,,,,,,,FOUSA07WYE,"99,277,224,542.00",3/31/11
,,,,,,,,,,,,,,,,,,,,,,,,,,,,,,,,FOUSA08RQV,"201,079,680.00",12/31/11
,,,,,,,,,,,,,,,,,,,,,,,,,,,,,,,,FOUSA06TZM,"459,261.00",3/31/10
,,,,,,,,,,,,,,,,,,,,,,,,,,,,,,,,FHUSA04BHB,"4,631,000,000.00",12/31/11
,,,,,,,,,,,,,,,,,,,,,,,,,,,,,,,,FOUSA05KX4,"3,063,031,708.00",1/31/12
,,,,,,,,,,,,,,,,,,,,,,,,,,,,,,,,FOUSA05L9X,"1,003,000,000.00",1/31/12
,,,,,,,,,,,,,,,,,,,,,,,,,,,,,,,,FOUSA06J9S,"4,601,700,000.00",12/31/11
,,,,,,,,,,,,,,,,,,,,,,,,,,,,,,,,F00000LIEY,"865,000,000.00",9/30/11
,,,,,,,,,,,,,,,,,,,,,,,,,,,,,,,,FHUSA04AVO,"1,470,000,000.00",12/31/11
,,,,,,,,,,,,,,,,,,,,,,,,,,,,,,,,FHUSA04D9A,"2,078,306,870.00",12/31/11
,,,,,,,,,,,,,,,,,,,,,,,,,,,,,,,,FHUSA04BAA,"105,900,000.00",11/30/10
,,,,,,,,,,,,,,,,,,,,,,,,,,,,,,,,FOUSA06XRX,"856,156,685.00",1/31/12
,,,,,,,,,,,,,,,,,,,,,,,,,,,,,,,,FHUSA04GFE,"1,720,000,000.00",10/31/11
,,,,,,,,,,,,,,,,,,,,,,,,,,,,,,,,F0GBR0547G,,
,,,,,,,,,,,,,,,,,,,,,,,,,,,,,,,,F00000MOLR,,
,,,,,,,,,,,,,,,,,,,,,,,,,,,,,,,,F000000CMJ,"990,074,840.00",10/31/10
,,,,,,,,,,,,,,,,,,,,,,,,,,,,,,,,FHUSA04AUE,"1,216,069,094.00",12/31/11
,,,,,,,,,,,,,,,,,,,,,,,,,,,,,,,,F00000IRX6,"880,600,000.00",8/31/11
,,,,,,,,,,,,,,,,,,,,,,,,,,,,,,,,FOUSA06J9P,"4,601,700,000.00",12/31/11
,,,,,,,,,,,,,,,,,,,,,,,,,,,,,,,,F00000JROR,,
,,,,,,,,,,,,,,,,,,,,,,,,,,,,,,,,FHUSA04HX2,"854,000,000.00",1/31/12
,,,,,,,,,,,,,,,,,,,,,,,,,,,,,,,,FOUSA06RA8,"848,700,000.00",12/31/11
,,,,,,,,,,,,,,,,,,,,,,,,,,,,,,,,FOUSA06RA9,"848,700,000.00",12/31/11
,,,,,,,,,,,,,,,,,,,,,,,,,,,,,,,,FOUSA0904I,"8,000,000,000.00",12/31/11
,,,,,,,,,,,,,,,,,,,,,,,,,,,,,,,,F00000MGMS,,
,,,,,,,,,,,,,,,,,,,,,,,,,,,,,,,,F00000IRMY,"482,700,000.00",8/31/10
,,,,,,,,,,,,,,,,,,,,,,,,,,,,,,,,FOUSA05LIA,"482,700,000.00",8/31/10
,,,,,,,,,,,,,,,,,,,,,,,,,,,,,,,,FOUSA05LIB,"482,700,000.00",8/31/10
,,,,,,,,,,,,,,,,,,,,,,,,,,,,,,,,FHUSA04CPP,,
,,,,,,,,,,,,,,,,,,,,,,,,,,,,,,,,FOUSA09GCY,,
,,,,,,,,,,,,,,,,,,,,,,,,,,,,,,,,FOUSA06J9L,"6,629,000,000.00",12/31/11
,,,,,,,,,,,,,,,,,,,,,,,,,,,,,,,,FHUSA04HQY,,
,,,,,,,,,,,,,,,,,,,,,,,,,,,,,,,,FHUSA04H2X,"3,721,083,734.00",10/31/11
,,,,,,,,,,,,,,,,,,,,,,,,,,,,,,,,FHUSA04IEJ,"246,000,000,000.00",10/31/10
,,,,,,,,,,,,,,,,,,,,,,,,,,,,,,,,F0GBR06K9R,,
,,,,,,,,,,,,,,,,,,,,,,,,,,,,,,,,FOUSA05L4Q,"7,385,500,000.00",1/31/12
,,,,,,,,,,,,,,,,,,,,,,,,,,,,,,,,FOUSA06J9Q,"4,601,700,000.00",12/31/11
,,,,,,,,,,,,,,,,,,,,,,,,,,,,,,,,FHUSA04CQQ,"2,542,000,000.00",1/31/12
,,,,,,,,,,,,,,,,,,,,,,,,,,,,,,,,FHUSA04ET4,"1,050,000,000.00",12/31/11
,,,,,,,,,,,,,,,,,,,,,,,,,,,,,,,,FOUSA06IRQ,"4,700,000,000.00",12/31/11
,,,,,,,,,,,,,,,,,,,,,,,,,,,,,,,,FHUSA04GA1,"2,740,000,000.00",11/30/11
,,,,,,,,,,,,,,,,,,,,,,,,,,,,,,,,FOUSA06K46,"2,329,114,054.00",7/31/09
,,,,,,,,,,,,,,,,,,,,,,,,,,,,,,,,FOUSA08SEP,"1,125,000,000.00",12/31/11
,,,,,,,,,,,,,,,,,,,,,,,,,,,,,,,,F00000LMPA,"2,148,259,000.00",1/31/12
,,,,,,,,,,,,,,,,,,,,,,,,,,,,,,,,F00000JXZL,"1,970,000,000.00",12/31/11
,,,,,,,,,,,,,,,,,,,,,,,,,,,,,,,,F0GBR06D2B,"99,277,224,542.00",3/31/11
,,,,,,,,,,,,,,,,,,,,,,,,,,,,,,,,FOUSA06JWA,"99,277,224,542.00",3/31/11
,,,,,,,,,,,,,,,,,,,,,,,,,,,,,,,,F00000LQW3,"8,355,000,000.00",11/30/11
,,,,,,,,,,,,,,,,,,,,,,,,,,,,,,,,FOUSA06HX6,"902,000,000.00",11/30/11
,,,,,,,,,,,,,,,,,,,,,,,,,,,,,,,,FOUSA06HX7,"902,000,000.00",11/30/11
,,,,,,,,,,,,,,,,,,,,,,,,,,,,,,,,FHUSA04CT0,"1,650,000,000.00",11/30/11
,,,,,,,,,,,,,,,,,,,,,,,,,,,,,,,,FOUSA08P2L,,
,,,,,,,,,,,,,,,,,,,,,,,,,,,,,,,,FHUSA04DCY,"745,000,000.00",1/31/12
,,,,,,,,,,,,,,,,,,,,,,,,,,,,,,,,F00000MAEW,,
,,,,,,,,,,,,,,,,,,,,,,,,,,,,,,,,FOUSA06VMI,"4,589,491,592.00",6/30/11
,,,,,,,,,,,,,,,,,,,,,,,,,,,,,,,,FHUSA04IB1,"1,080,503,365.00",12/31/11
,,,,,,,,,,,,,,,,,,,,,,,,,,,,,,,,FHUSA04HR6,"1,030,000,000.00",10/31/11
,,,,,,,,,,,,,,,,,,,,,,,,,,,,,,,,FOUSA08PVW,"1,030,000,000.00",10/31/11
,,,,,,,,,,,,,,,,,,,,,,,,,,,,,,,,FHUSA04E5D,,
,,,,,,,,,,,,,,,,,,,,,,,,,,,,,,,,F00000HHDR,"1,200,000,000.00",7/31/11
,,,,,,,,,,,,,,,,,,,,,,,,,,,,,,,,F00000MEJO,"8,474,000,000.00",12/31/11
,,,,,,,,,,,,,,,,,,,,,,,,,,,,,,,,F00000265K,,
,,,,,,,,,,,,,,,,,,,,,,,,,,,,,,,,F00000H0NA,"3,726,146,966.00",6/30/11
,,,,,,,,,,,,,,,,,,,,,,,,,,,,,,,,FHUSA04I87,"1,701,023,987.00",1/31/12
,,,,,,,,,,,,,,,,,,,,,,,,,,,,,,,,FOUSA08QVL,,
,,,,,,,,,,,,,,,,,,,,,,,,,,,,,,,,F0GBR06A5S,,
,,,,,,,,,,,,,,,,,,,,,,,,,,,,,,,,F0GBR06A5T,,
,,,,,,,,,,,,,,,,,,,,,,,,,,,,,,,,F0GBR06A5U,,
,,,,,,,,,,,,,,,,,,,,,,,,,,,,,,,,FOUSA09KRY,"630,000,000.00",12/31/11
,,,,,,,,,,,,,,,,,,,,,,,,,,,,,,,,FOUSA06NVG,"21,203,625,001.00",11/30/11
,,,,,,,,,,,,,,,,,,,,,,,,,,,,,,,,F00000JXZN,"1,970,000,000.00",12/31/11
,,,,,,,,,,,,,,,,,,,,,,,,,,,,,,,,FHUSA04G57,"1,543,000,000.00",12/31/11
,,,,,,,,,,,,,,,,,,,,,,,,,,,,,,,,FOUSA08ZIT,"2,812,000,000.00",9/30/11
,,,,,,,,,,,,,,,,,,,,,,,,,,,,,,,,FHUSA04AQ2,"4,499,000,000.00",12/31/11
,,,,,,,,,,,,,,,,,,,,,,,,,,,,,,,,FOUSA06N0Q,"1,104,000,000.00",7/31/11
,,,,,,,,,,,,,,,,,,,,,,,,,,,,,,,,FOUSA06C4Z,"1,518,850,000.00",11/30/10
,,,,,,,,,,,,,,,,,,,,,,,,,,,,,,,,FOUSA0901K,"16,971,700,000.00",11/30/03
,,,,,,,,,,,,,,,,,,,,,,,,,,,,,,,,FHUSA04FYT,"16,971,700,000.00",11/30/03
,,,,,,,,,,,,,,,,,,,,,,,,,,,,,,,,FHUSA04E9B,"10,211,000,000.00",12/31/11
,,,,,,,,,,,,,,,,,,,,,,,,,,,,,,,,FOUSA05KX5,"3,063,031,708.00",1/31/12
,,,,,,,,,,,,,,,,,,,,,,,,,,,,,,,,F00000260U,,
,,,,,,,,,,,,,,,,,,,,,,,,,,,,,,,,F00000M1M9,"10,797,360,994.00",12/31/11
,,,,,,,,,,,,,,,,,,,,,,,,,,,,,,,,FHUSA04BFM,"1,701,023,987.00",1/31/12
,,,,,,,,,,,,,,,,,,,,,,,,,,,,,,,,FHUSA04F8G,,
,,,,,,,,,,,,,,,,,,,,,,,,,,,,,,,,FOUSA06HQN,"625,000,000.00",12/31/11
,,,,,,,,,,,,,,,,,,,,,,,,,,,,,,,,F00000N54M,"10,869,500,000.00",4/30/11
,,,,,,,,,,,,,,,,,,,,,,,,,,,,,,,,FHUSA04BCP,"823,000,000.00",1/31/12
,,,,,,,,,,,,,,,,,,,,,,,,,,,,,,,,FOUSA05L7A,"193,083.00",12/31/11
,,,,,,,,,,,,,,,,,,,,,,,,,,,,,,,,FOUSA08QPH,,
,,,,,,,,,,,,,,,,,,,,,,,,,,,,,,,,FOUSA08QPI,,
,,,,,,,,,,,,,,,,,,,,,,,,,,,,,,,,FHUSA04CG6,"2,329,114,054.00",7/31/09
,,,,,,,,,,,,,,,,,,,,,,,,,,,,,,,,F00000264G,,
,,,,,,,,,,,,,,,,,,,,,,,,,,,,,,,,F00000LIB8,,
,,,,,,,,,,,,,,,,,,,,,,,,,,,,,,,,FOUSA05LBK,"6,026,000,000.00",12/31/11
,,,,,,,,,,,,,,,,,,,,,,,,,,,,,,,,FOUSA06LOP,"6,026,000,000.00",12/31/11
,,,,,,,,,,,,,,,,,,,,,,,,,,,,,,,,FHUSA04GBU,"1,569,196,812.00",6/30/11
,,,,,,,,,,,,,,,,,,,,,,,,,,,,,,,,FHUSA04CFT,"2,329,114,054.00",7/31/09
,,,,,,,,,,,,,,,,,,,,,,,,,,,,,,,,FOUSA05L2G,"1,700,000,000.00",12/31/11
,,,,,,,,,,,,,,,,,,,,,,,,,,,,,,,,FHUSA04HXB,"700,477,281.00",1/31/12
,,,,,,,,,,,,,,,,,,,,,,,,,,,,,,,,FHUSA04ATP,"1,190,847,244.00",12/31/11
,,,,,,,,,,,,,,,,,,,,,,,,,,,,,,,,FHUSA04CU9,"1,190,847,244.00",12/31/11
,,,,,,,,,,,,,,,,,,,,,,,,,,,,,,,,F00000MXOO,"665,000,000.00",1/31/12
,,,,,,,,,,,,,,,,,,,,,,,,,,,,,,,,FOUSA08QQC,,
,,,,,,,,,,,,,,,,,,,,,,,,,,,,,,,,FOUSA08QQE,,
,,,,,,,,,,,,,,,,,,,,,,,,,,,,,,,,FOUSA08QQG,,
,,,,,,,,,,,,,,,,,,,,,,,,,,,,,,,,FOUSA08QQI,,
,,,,,,,,,,,,,,,,,,,,,,,,,,,,,,,,FOUSA08YN6,"2,021,000,000.00",8/31/11
,,,,,,,,,,,,,,,,,,,,,,,,,,,,,,,,F000005M50,"2,021,000,000.00",8/31/11
,,,,,,,,,,,,,,,,,,,,,,,,,,,,,,,,FOUSA088KE,,
,,,,,,,,,,,,,,,,,,,,,,,,,,,,,,,,FOUSA05L61,"1,470,000,000.00",12/31/11
,,,,,,,,,,,,,,,,,,,,,,,,,,,,,,,,FOUSA05KXQ,"693,198,500.00",12/31/11
,,,,,,,,,,,,,,,,,,,,,,,,,,,,,,,,FOUSA06MUR,"29,706,000,000.00",6/30/10
,,,,,,,,,,,,,,,,,,,,,,,,,,,,,,,,FHUSA04B4F,"2,270,017,000.00",12/31/11
,,,,,,,,,,,,,,,,,,,,,,,,,,,,,,,,FOUSA0905T,"5,485,000,000.00",12/31/11
,,,,,,,,,,,,,,,,,,,,,,,,,,,,,,,,F00000J4P4,"3,523,838,000.00",12/31/11
,,,,,,,,,,,,,,,,,,,,,,,,,,,,,,,,FOUSA05LC8,"21,203,625,001.00",11/30/11
,,,,,,,,,,,,,,,,,,,,,,,,,,,,,,,,F00000IRZG,"2,237,000,000.00",10/31/11
,,,,,,,,,,,,,,,,,,,,,,,,,,,,,,,,FOUSA05L9Y,"7,648,180,000.00",3/31/11
,,,,,,,,,,,,,,,,,,,,,,,,,,,,,,,,FOUSA08Z7S,"873,000,000.00",9/30/11
,,,,,,,,,,,,,,,,,,,,,,,,,,,,,,,,F00000MB13,"919,770,352.00",1/31/12
,,,,,,,,,,,,,,,,,,,,,,,,,,,,,,,,FHUSA04CBU,"3,272,106.00",11/30/11
,,,,,,,,,,,,,,,,,,,,,,,,,,,,,,,,FOUSA06JHX,"1,520,000,000.00",12/31/11
,,,,,,,,,,,,,,,,,,,,,,,,,,,,,,,,FOUSA06HJF,"691,988,792.00",9/30/11
,,,,,,,,,,,,,,,,,,,,,,,,,,,,,,,,FOUSA06IR9,"4,700,000,000.00",12/31/11
,,,,,,,,,,,,,,,,,,,,,,,,,,,,,,,,FHUSA04ESL,,
,,,,,,,,,,,,,,,,,,,,,,,,,,,,,,,,F00000H5A0,,
,,,,,,,,,,,,,,,,,,,,,,,,,,,,,,,,FHUSA04GRQ,"772,700,000.00",12/31/11
,,,,,,,,,,,,,,,,,,,,,,,,,,,,,,,,FHUSA04B0D,"6,405,000,000.00",12/31/11
,,,,,,,,,,,,,,,,,,,,,,,,,,,,,,,,FOUSA08N4P,"1,427,000,000.00",1/31/12
,,,,,,,,,,,,,,,,,,,,,,,,,,,,,,,,FOUSA08YLH,,
,,,,,,,,,,,,,,,,,,,,,,,,,,,,,,,,FOUSA07Y5S,,
,,,,,,,,,,,,,,,,,,,,,,,,,,,,,,,,F00000GVZG,"106,600,000.00",4/30/10
,,,,,,,,,,,,,,,,,,,,,,,,,,,,,,,,FOUSA08ZI9,"22,402,000,000.00",12/31/11
,,,,,,,,,,,,,,,,,,,,,,,,,,,,,,,,FOUSA06JZF,"797,088,555.00",1/31/12
,,,,,,,,,,,,,,,,,,,,,,,,,,,,,,,,FHUSA04G56,"1,543,000,000.00",12/31/11
,,,,,,,,,,,,,,,,,,,,,,,,,,,,,,,,FOUSA08MLI,"513,000,000.00",1/31/12
,,,,,,,,,,,,,,,,,,,,,,,,,,,,,,,,FOUSA06XO2,"640,000,000.00",1/31/12
,,,,,,,,,,,,,,,,,,,,,,,,,,,,,,,,FOUSA06C58,"3,259,816,097.00",12/31/10
,,,,,,,,,,,,,,,,,,,,,,,,,,,,,,,,FOUSA06LJK,"505,000,000.00",12/31/11
,,,,,,,,,,,,,,,,,,,,,,,,,,,,,,,,FHUSA04FL9,"778,038,009.00",7/31/11
,,,,,,,,,,,,,,,,,,,,,,,,,,,,,,,,FHUSA04GQW,,
,,,,,,,,,,,,,,,,,,,,,,,,,,,,,,,,FOUSA090L3,"1,900,000,000.00",12/31/11
,,,,,,,,,,,,,,,,,,,,,,,,,,,,,,,,FHUSA04I6S,"379,185,000.00",2/28/10
,,,,,,,,,,,,,,,,,,,,,,,,,,,,,,,,FHUSA04FLH,"491,069,343.00",1/31/12
,,,,,,,,,,,,,,,,,,,,,,,,,,,,,,,,FOUSA06HLD,"522,094,383.00",1/31/12
,,,,,,,,,,,,,,,,,,,,,,,,,,,,,,,,FHUSA04ALO,"2,171,000,000.00",12/31/11
,,,,,,,,,,,,,,,,,,,,,,,,,,,,,,,,FHUSA04CT2,"1,650,000,000.00",11/30/11
,,,,,,,,,,,,,,,,,,,,,,,,,,,,,,,,FOUSA06C5E,"8,428,000,000.00",1/31/12
,,,,,,,,,,,,,,,,,,,,,,,,,,,,,,,,FOUSA06HN0,"8,428,000,000.00",1/31/12
,,,,,,,,,,,,,,,,,,,,,,,,,,,,,,,,FOUSA0905F,"29,706,000,000.00",6/30/10
,,,,,,,,,,,,,,,,,,,,,,,,,,,,,,,,FOUSA06MUZ,"29,706,000,000.00",6/30/10
,,,,,,,,,,,,,,,,,,,,,,,,,,,,,,,,FHUSA04GA3,"806,994,169.00",12/31/11
,,,,,,,,,,,,,,,,,,,,,,,,,,,,,,,,F00000N6X9,,
,,,,,,,,,,,,,,,,,,,,,,,,,,,,,,,,F00000N6X8,,
,,,,,,,,,,,,,,,,,,,,,,,,,,,,,,,,FOUSA06N1F,,
,,,,,,,,,,,,,,,,,,,,,,,,,,,,,,,,F00000MMAA,"1,460,000,000.00",1/31/12
,,,,,,,,,,,,,,,,,,,,,,,,,,,,,,,,FHUSA04EAS,"477,800,000.00",1/31/12
,,,,,,,,,,,,,,,,,,,,,,,,,,,,,,,,FHUSA04EWZ,"470,359,236.00",1/31/12
,,,,,,,,,,,,,,,,,,,,,,,,,,,,,,,,FOUSA05L1M,"1,261,000,000.00",1/31/12
,,,,,,,,,,,,,,,,,,,,,,,,,,,,,,,,FHUSA04E0W,,
,,,,,,,,,,,,,,,,,,,,,,,,,,,,,,,,FHUSA04BL5,"3,345,067,000,000.00",9/30/11
,,,,,,,,,,,,,,,,,,,,,,,,,,,,,,,,FOUSA09KMF,"795,000,000.00",12/31/11
,,,,,,,,,,,,,,,,,,,,,,,,,,,,,,,,FOUSA08SEO,"88,749,477.00",6/30/09
,,,,,,,,,,,,,,,,,,,,,,,,,,,,,,,,FHUSA04HP6,"3,270,265,419.00",11/30/11
,,,,,,,,,,,,,,,,,,,,,,,,,,,,,,,,FOUSA08QPF,,
,,,,,,,,,,,,,,,,,,,,,,,,,,,,,,,,FOUSA08QPG,,
,,,,,,,,,,,,,,,,,,,,,,,,,,,,,,,,FOUSA06BNL,,
,,,,,,,,,,,,,,,,,,,,,,,,,,,,,,,,FOUSA06BN1,,
,,,,,,,,,,,,,,,,,,,,,,,,,,,,,,,,F000000CLV,,
,,,,,,,,,,,,,,,,,,,,,,,,,,,,,,,,FHUSA04ANA,,
,,,,,,,,,,,,,,,,,,,,,,,,,,,,,,,,F00000NEPS,"451,500,000.00",1/31/12
,,,,,,,,,,,,,,,,,,,,,,,,,,,,,,,,FHUSA04AYW,"923,000,000.00",12/31/11
,,,,,,,,,,,,,,,,,,,,,,,,,,,,,,,,F00000LPGL,"10,869,500,000.00",4/30/11
,,,,,,,,,,,,,,,,,,,,,,,,,,,,,,,,FOUSA08QRS,,
,,,,,,,,,,,,,,,,,,,,,,,,,,,,,,,,FOUSA07CBL,"444,386,978.00",12/31/11
,,,,,,,,,,,,,,,,,,,,,,,,,,,,,,,,F0GBR06A6J,"99,277,224,542.00",3/31/11
,,,,,,,,,,,,,,,,,,,,,,,,,,,,,,,,F0GBR06BHF,"99,277,224,542.00",3/31/11
,,,,,,,,,,,,,,,,,,,,,,,,,,,,,,,,F00000GY6S,"440,000,000.00",1/31/12
,,,,,,,,,,,,,,,,,,,,,,,,,,,,,,,,FHUSA04EE8,"538,068,451.00",12/31/10
,,,,,,,,,,,,,,,,,,,,,,,,,,,,,,,,F00000MG5R,,
,,,,,,,,,,,,,,,,,,,,,,,,,,,,,,,,F00000MG5S,,
,,,,,,,,,,,,,,,,,,,,,,,,,,,,,,,,FHUSA04CZC,"438,926,000.00",11/30/10
,,,,,,,,,,,,,,,,,,,,,,,,,,,,,,,,F00000IT3F,"3,523,838,000.00",12/31/11
,,,,,,,,,,,,,,,,,,,,,,,,,,,,,,,,FOUSA05L2F,"1,700,000,000.00",12/31/11
,,,,,,,,,,,,,,,,,,,,,,,,,,,,,,,,FHUSA04F6V,"2,661,462,526.00",7/31/11
,,,,,,,,,,,,,,,,,,,,,,,,,,,,,,,,FHUSA04C7J,"946,800,000.00",1/31/12
,,,,,,,,,,,,,,,,,,,,,,,,,,,,,,,,FHUSA04ESO,,
,,,,,,,,,,,,,,,,,,,,,,,,,,,,,,,,FHUSA04EZ2,"11,362,800,000.00",12/31/11
,,,,,,,,,,,,,,,,,,,,,,,,,,,,,,,,FOUSA07ZL2,"3,345,067,000,000.00",9/30/11
,,,,,,,,,,,,,,,,,,,,,,,,,,,,,,,,FHUSA04HOM,"432,000,000.00",9/30/11
,,,,,,,,,,,,,,,,,,,,,,,,,,,,,,,,F000000CM5,,
,,,,,,,,,,,,,,,,,,,,,,,,,,,,,,,,F000000FHS,,
,,,,,,,,,,,,,,,,,,,,,,,,,,,,,,,,F00000MPNX,"10,797,360,994.00",12/31/11
,,,,,,,,,,,,,,,,,,,,,,,,,,,,,,,,FOUSA09KLP,"710,559,727.00",11/30/11
,,,,,,,,,,,,,,,,,,,,,,,,,,,,,,,,FHUSA04ADE,"62,954,097,367.00",1/31/12
,,,,,,,,,,,,,,,,,,,,,,,,,,,,,,,,FHUSA04ADG,"62,954,097,367.00",1/31/12
,,,,,,,,,,,,,,,,,,,,,,,,,,,,,,,,FHUSA04BY2,"14,200,000,000.00",12/31/11
,,,,,,,,,,,,,,,,,,,,,,,,,,,,,,,,FOUSA06MUQ,"29,706,000,000.00",6/30/10
,,,,,,,,,,,,,,,,,,,,,,,,,,,,,,,,FOUSA06PNT,"127,000,000,000.00",1/31/12
,,,,,,,,,,,,,,,,,,,,,,,,,,,,,,,,FHUSA04AU0,"1,350,000,000.00",2/28/10
,,,,,,,,,,,,,,,,,,,,,,,,,,,,,,,,FHUSA04CXF,"1,350,000,000.00",2/28/10
,,,,,,,,,,,,,,,,,,,,,,,,,,,,,,,,FHUSA04E4G,,
,,,,,,,,,,,,,,,,,,,,,,,,,,,,,,,,F00000MQP4,"695,000,000.00",6/30/11
,,,,,,,,,,,,,,,,,,,,,,,,,,,,,,,,FOUSA06PJ8,"127,000,000,000.00",1/31/12
,,,,,,,,,,,,,,,,,,,,,,,,,,,,,,,,FHUSA04HU8,"3,523,838,000.00",12/31/11
,,,,,,,,,,,,,,,,,,,,,,,,,,,,,,,,FOUSA08ZQP,"18,800,000,000.00",12/31/11
,,,,,,,,,,,,,,,,,,,,,,,,,,,,,,,,FOUSA08NAI,"18,800,000,000.00",12/31/11
,,,,,,,,,,,,,,,,,,,,,,,,,,,,,,,,F00000IT40,,
,,,,,,,,,,,,,,,,,,,,,,,,,,,,,,,,F00000MB1S,"3,530,000,000.00",12/31/11
,,,,,,,,,,,,,,,,,,,,,,,,,,,,,,,,F00000MS1E,"24,089,000,000.00",9/30/11
,,,,,,,,,,,,,,,,,,,,,,,,,,,,,,,,FOUSA06USK,"2,040,000,000.00",1/31/12
,,,,,,,,,,,,,,,,,,,,,,,,,,,,,,,,FOUSA06VMV,,
,,,,,,,,,,,,,,,,,,,,,,,,,,,,,,,,FOUSA06VMW,,
,,,,,,,,,,,,,,,,,,,,,,,,,,,,,,,,FOUSA06VMX,,
,,,,,,,,,,,,,,,,,,,,,,,,,,,,,,,,FHUSA04B6Q,"2,270,017,000.00",12/31/11
,,,,,,,,,,,,,,,,,,,,,,,,,,,,,,,,FHUSA04D38,"2,221,000,000.00",12/31/11
,,,,,,,,,,,,,,,,,,,,,,,,,,,,,,,,FHUSA04AOQ,"95,600,000,000.00",10/31/10
,,,,,,,,,,,,,,,,,,,,,,,,,,,,,,,,F00000LXLR,"95,600,000,000.00",10/31/10
,,,,,,,,,,,,,,,,,,,,,,,,,,,,,,,,F00000MC1E,"413,876,609.00",1/31/10
,,,,,,,,,,,,,,,,,,,,,,,,,,,,,,,,F00000MC1C,"413,876,609.00",1/31/10
,,,,,,,,,,,,,,,,,,,,,,,,,,,,,,,,F00000MC1D,"413,876,609.00",1/31/10
,,,,,,,,,,,,,,,,,,,,,,,,,,,,,,,,FOUSA08ORJ,"413,876,609.00",1/31/10
,,,,,,,,,,,,,,,,,,,,,,,,,,,,,,,,FOUSA08OUW,"413,876,609.00",1/31/10
,,,,,,,,,,,,,,,,,,,,,,,,,,,,,,,,FOUSA08OUX,"413,876,609.00",1/31/10
,,,,,,,,,,,,,,,,,,,,,,,,,,,,,,,,FOUSA08OUY,"413,876,609.00",1/31/10
,,,,,,,,,,,,,,,,,,,,,,,,,,,,,,,,FOUSA08OUZ,"413,876,609.00",1/31/10
,,,,,,,,,,,,,,,,,,,,,,,,,,,,,,,,FOUSA08OV0,"413,876,609.00",1/31/10
,,,,,,,,,,,,,,,,,,,,,,,,,,,,,,,,FOUSA08PAZ,"413,876,609.00",1/31/10
,,,,,,,,,,,,,,,,,,,,,,,,,,,,,,,,FOUSA08PB0,"413,876,609.00",1/31/10
,,,,,,,,,,,,,,,,,,,,,,,,,,,,,,,,FOUSA08PB6,"413,876,609.00",1/31/10
,,,,,,,,,,,,,,,,,,,,,,,,,,,,,,,,FOUSA07ZPZ,"786,000,000.00",11/30/11
,,,,,,,,,,,,,,,,,,,,,,,,,,,,,,,,F00000IS4T,"432,626,144.00",1/31/12
,,,,,,,,,,,,,,,,,,,,,,,,,,,,,,,,F00000H693,"3,932,300,000.00",1/31/12
,,,,,,,,,,,,,,,,,,,,,,,,,,,,,,,,FHUSA04GDY,"1,203,000,000.00",11/30/11
,,,,,,,,,,,,,,,,,,,,,,,,,,,,,,,,F000002QLE,,
,,,,,,,,,,,,,,,,,,,,,,,,,,,,,,,,F000005QB8,,
,,,,,,,,,,,,,,,,,,,,,,,,,,,,,,,,FOUSA0909G,"3,345,067,000,000.00",9/30/11
,,,,,,,,,,,,,,,,,,,,,,,,,,,,,,,,F00000MCTO,"481,000,000.00",12/31/11
,,,,,,,,,,,,,,,,,,,,,,,,,,,,,,,,FOUSA08YPN,"245,000,000.00",12/31/09
,,,,,,,,,,,,,,,,,,,,,,,,,,,,,,,,FHUSA04HJX,"245,000,000.00",12/31/09
,,,,,,,,,,,,,,,,,,,,,,,,,,,,,,,,FOUSA06HVF,"422,000,000.00",1/31/12
,,,,,,,,,,,,,,,,,,,,,,,,,,,,,,,,FHUSA04DAM,"1,131,000,000.00",1/31/12
,,,,,,,,,,,,,,,,,,,,,,,,,,,,,,,,FOUSA05KXC,"1,713,194,761.00",12/31/11
,,,,,,,,,,,,,,,,,,,,,,,,,,,,,,,,FOUSA06IRB,"4,700,000,000.00",12/31/11
,,,,,,,,,,,,,,,,,,,,,,,,,,,,,,,,F00000GV3L,"388,000,000.00",12/31/11
,,,,,,,,,,,,,,,,,,,,,,,,,,,,,,,,FHUSA04H4Z,,
,,,,,,,,,,,,,,,,,,,,,,,,,,,,,,,,FOUSA08S90,"105,900,000.00",11/30/10
,,,,,,,,,,,,,,,,,,,,,,,,,,,,,,,,FHUSA04GGA,"62,954,097,367.00",1/31/12
,,,,,,,,,,,,,,,,,,,,,,,,,,,,,,,,FHUSA04BOG,"127,000,000,000.00",1/31/12
,,,,,,,,,,,,,,,,,,,,,,,,,,,,,,,,F0GBR053FQ,"763,200,000.00",4/30/11
,,,,,,,,,,,,,,,,,,,,,,,,,,,,,,,,FHUSA04GFD,"1,720,000,000.00",10/31/11
,,,,,,,,,,,,,,,,,,,,,,,,,,,,,,,,FHUSA04IAZ,"1,080,503,365.00",12/31/11
,,,,,,,,,,,,,,,,,,,,,,,,,,,,,,,,FOUSA0891E,"900,000,000.00",1/31/12
,,,,,,,,,,,,,,,,,,,,,,,,,,,,,,,,FHUSA04FZ6,"16,971,700,000.00",11/30/03
,,,,,,,,,,,,,,,,,,,,,,,,,,,,,,,,FHUSA04GMB,"959,480,906.00",12/31/11
,,,,,,,,,,,,,,,,,,,,,,,,,,,,,,,,FOUSA09N42,,
,,,,,,,,,,,,,,,,,,,,,,,,,,,,,,,,FHUSA04CNN,,
,,,,,,,,,,,,,,,,,,,,,,,,,,,,,,,,FHUSA04IDD,"34,100.00",12/31/11
,,,,,,,,,,,,,,,,,,,,,,,,,,,,,,,,FHUSA04IDE,"34,100.00",12/31/11
,,,,,,,,,,,,,,,,,,,,,,,,,,,,,,,,FHUSA04C1C,"34,100.00",12/31/11
,,,,,,,,,,,,,,,,,,,,,,,,,,,,,,,,FHUSA04CPT,"479,600,000.00",12/31/11
,,,,,,,,,,,,,,,,,,,,,,,,,,,,,,,,FHUSA04CHG,"700,000,000.00",11/30/10
,,,,,,,,,,,,,,,,,,,,,,,,,,,,,,,,F00000IROC,,
,,,,,,,,,,,,,,,,,,,,,,,,,,,,,,,,F00000MSGM,,
,,,,,,,,,,,,,,,,,,,,,,,,,,,,,,,,FOUSA08QOM,"193,083.00",12/31/11
,,,,,,,,,,,,,,,,,,,,,,,,,,,,,,,,FHUSA04DCF,"2,812,000,000.00",9/30/11
,,,,,,,,,,,,,,,,,,,,,,,,,,,,,,,,FHUSA04EZ1,"11,362,800,000.00",12/31/11
,,,,,,,,,,,,,,,,,,,,,,,,,,,,,,,,F00000IRIB,"755,765,674.00",1/31/12
,,,,,,,,,,,,,,,,,,,,,,,,,,,,,,,,FOUSA0885V,"755,765,674.00",1/31/12
,,,,,,,,,,,,,,,,,,,,,,,,,,,,,,,,FOUSA0891F,"900,000,000.00",1/31/12
,,,,,,,,,,,,,,,,,,,,,,,,,,,,,,,,F00000GUSK,,
,,,,,,,,,,,,,,,,,,,,,,,,,,,,,,,,F00000GUSL,,
,,,,,,,,,,,,,,,,,,,,,,,,,,,,,,,,FOUSA05KZY,"3,076,654,723.00",10/31/11
,,,,,,,,,,,,,,,,,,,,,,,,,,,,,,,,FOUSA06M1H,"363,400,000.00",9/30/11
,,,,,,,,,,,,,,,,,,,,,,,,,,,,,,,,FHUSA04AFY,"95,600,000,000.00",10/31/10
,,,,,,,,,,,,,,,,,,,,,,,,,,,,,,,,FHUSA04CG8,"2,329,114,054.00",7/31/09
,,,,,,,,,,,,,,,,,,,,,,,,,,,,,,,,FHUSA04D0P,"1,600,000,000.00",12/31/11
,,,,,,,,,,,,,,,,,,,,,,,,,,,,,,,,F00000NKDH,"580,755,000.00",12/31/11
,,,,,,,,,,,,,,,,,,,,,,,,,,,,,,,,FOUSA08Z7C,"10,211,000,000.00",12/31/11
,,,,,,,,,,,,,,,,,,,,,,,,,,,,,,,,FOUSA06NVK,"2,078,306,870.00",12/31/11
,,,,,,,,,,,,,,,,,,,,,,,,,,,,,,,,FHUSA04BQ8,"2,533,252,588.00",12/31/11
,,,,,,,,,,,,,,,,,,,,,,,,,,,,,,,,FHUSA04FOD,"7,684,278,363.00",12/31/11
,,,,,,,,,,,,,,,,,,,,,,,,,,,,,,,,FOUSA06IQJ,"7,684,278,363.00",12/31/11
,,,,,,,,,,,,,,,,,,,,,,,,,,,,,,,,FOUSA06J9K,"755,765,674.00",1/31/12
,,,,,,,,,,,,,,,,,,,,,,,,,,,,,,,,FOUSA05L1B,"1,569,196,812.00",6/30/11
,,,,,,,,,,,,,,,,,,,,,,,,,,,,,,,,FOUSA05L5R,"360,935,473.00",12/31/11
,,,,,,,,,,,,,,,,,,,,,,,,,,,,,,,,F00000GUU3,"585,405,000.00",12/31/11
,,,,,,,,,,,,,,,,,,,,,,,,,,,,,,,,FHUSA04DWI,"3,636,800,000.00",12/31/11
,,,,,,,,,,,,,,,,,,,,,,,,,,,,,,,,F00000H3M6,"499,536,275.00",11/30/10
,,,,,,,,,,,,,,,,,,,,,,,,,,,,,,,,FHUSA04DR1,"605,101,596.00",12/31/11
,,,,,,,,,,,,,,,,,,,,,,,,,,,,,,,,FHUSA04C7H,"946,800,000.00",1/31/12
,,,,,,,,,,,,,,,,,,,,,,,,,,,,,,,,FOUSA09KRJ,"430,000,000.00",1/31/12
,,,,,,,,,,,,,,,,,,,,,,,,,,,,,,,,FHUSA04AG6,"430,000,000.00",1/31/12
,,,,,,,,,,,,,,,,,,,,,,,,,,,,,,,,FHUSA04H2Z,"3,721,083,734.00",10/31/11
,,,,,,,,,,,,,,,,,,,,,,,,,,,,,,,,FOUSA05KZ2,"894,000,000.00",1/31/12
,,,,,,,,,,,,,,,,,,,,,,,,,,,,,,,,FHUSA04H4Y,,
,,,,,,,,,,,,,,,,,,,,,,,,,,,,,,,,FHUSA04CBQ,"3,272,106.00",11/30/11
,,,,,,,,,,,,,,,,,,,,,,,,,,,,,,,,FHUSA04B9E,,
,,,,,,,,,,,,,,,,,,,,,,,,,,,,,,,,FHUSA04B9F,,
,,,,,,,,,,,,,,,,,,,,,,,,,,,,,,,,FOUSA06QS0,"1,444,000,000.00",11/30/11
,,,,,,,,,,,,,,,,,,,,,,,,,,,,,,,,FOUSA05KX3,"3,063,031,708.00",1/31/12
,,,,,,,,,,,,,,,,,,,,,,,,,,,,,,,,FOUSA05L53,"1,518,850,000.00",11/30/10
,,,,,,,,,,,,,,,,,,,,,,,,,,,,,,,,F00000J0AU,,
,,,,,,,,,,,,,,,,,,,,,,,,,,,,,,,,FHUSA04FX0,"1,000,000,000.00",1/31/12
,,,,,,,,,,,,,,,,,,,,,,,,,,,,,,,,FOUSA06VVA,"1,300,000,000.00",1/31/12
,,,,,,,,,,,,,,,,,,,,,,,,,,,,,,,,FHUSA04CG4,"4,589,491,592.00",6/30/11
,,,,,,,,,,,,,,,,,,,,,,,,,,,,,,,,FOUSA06LKG,"242,000,000.00",4/30/10
,,,,,,,,,,,,,,,,,,,,,,,,,,,,,,,,FHUSA04AQ4,"4,499,000,000.00",12/31/11
,,,,,,,,,,,,,,,,,,,,,,,,,,,,,,,,F000000CT5,"3,211,905,835.00",6/30/09
,,,,,,,,,,,,,,,,,,,,,,,,,,,,,,,,FOUSA07XQH,,
,,,,,,,,,,,,,,,,,,,,,,,,,,,,,,,,F00000GW8G,"7,000,000,000.00",8/31/11
,,,,,,,,,,,,,,,,,,,,,,,,,,,,,,,,F00000GWEJ,"6,186,841,665.00",1/31/12
,,,,,,,,,,,,,,,,,,,,,,,,,,,,,,,,F000000GZH,,
,,,,,,,,,,,,,,,,,,,,,,,,,,,,,,,,F00000ISCX,,
,,,,,,,,,,,,,,,,,,,,,,,,,,,,,,,,FOUSA06UFS,,
,,,,,,,,,,,,,,,,,,,,,,,,,,,,,,,,FOUSA05LHU,"1,500,000,000.00",4/30/11
,,,,,,,,,,,,,,,,,,,,,,,,,,,,,,,,FHUSA04BEU,"550,000,000.00",12/31/11
,,,,,,,,,,,,,,,,,,,,,,,,,,,,,,,,F00000JXZM,"1,970,000,000.00",12/31/11
,,,,,,,,,,,,,,,,,,,,,,,,,,,,,,,,FHUSA04AN7,"718,000,000.00",4/30/11
,,,,,,,,,,,,,,,,,,,,,,,,,,,,,,,,FHUSA04ESM,,
,,,,,,,,,,,,,,,,,,,,,,,,,,,,,,,,FOUSA05LFU,"11,740,962,444.00",10/31/11
,,,,,,,,,,,,,,,,,,,,,,,,,,,,,,,,F0GBR06OZW,,
,,,,,,,,,,,,,,,,,,,,,,,,,,,,,,,,FHUSA04DPA,"614,435,567.00",8/31/09
,,,,,,,,,,,,,,,,,,,,,,,,,,,,,,,,FHUSA04CTS,"379,185,000.00",2/28/10
,,,,,,,,,,,,,,,,,,,,,,,,,,,,,,,,FOUSA05L8L,"219,700,000,000.00",12/31/11
,,,,,,,,,,,,,,,,,,,,,,,,,,,,,,,,F00000IRH2,"302,900,000.00",10/31/11
,,,,,,,,,,,,,,,,,,,,,,,,,,,,,,,,FOUSA08QS4,,
,,,,,,,,,,,,,,,,,,,,,,,,,,,,,,,,FHUSA04BP1,,
,,,,,,,,,,,,,,,,,,,,,,,,,,,,,,,,F00000MEZR,,
,,,,,,,,,,,,,,,,,,,,,,,,,,,,,,,,FHUSA04HZ5,,
,,,,,,,,,,,,,,,,,,,,,,,,,,,,,,,,F00000JQCD,"293,000,000.00",12/31/11
,,,,,,,,,,,,,,,,,,,,,,,,,,,,,,,,FHUSA04C19,,
,,,,,,,,,,,,,,,,,,,,,,,,,,,,,,,,FOUSA06HJQ,"293,000,000.00",1/31/12
,,,,,,,,,,,,,,,,,,,,,,,,,,,,,,,,F00000H0P1,"1,000,000,000.00",12/31/11
,,,,,,,,,,,,,,,,,,,,,,,,,,,,,,,,FOUSA08QRU,,
,,,,,,,,,,,,,,,,,,,,,,,,,,,,,,,,FOUSA08QRX,,
,,,,,,,,,,,,,,,,,,,,,,,,,,,,,,,,FHUSA04CER,"1,427,000,000.00",1/31/12
,,,,,,,,,,,,,,,,,,,,,,,,,,,,,,,,FHUSA04HTR,"383,101,200.00",12/31/11
,,,,,,,,,,,,,,,,,,,,,,,,,,,,,,,,FOUSA05L82,"552,713,000.00",12/31/11
,,,,,,,,,,,,,,,,,,,,,,,,,,,,,,,,FHUSA04H4A,"1,000,000,000.00",12/31/11
,,,,,,,,,,,,,,,,,,,,,,,,,,,,,,,,FOUSA0903M,"193,500,000.00",5/31/10
,,,,,,,,,,,,,,,,,,,,,,,,,,,,,,,,FHUSA04FLF,"193,500,000.00",5/31/10
,,,,,,,,,,,,,,,,,,,,,,,,,,,,,,,,FOUSA06Y0J,"193,500,000.00",5/31/10
,,,,,,,,,,,,,,,,,,,,,,,,,,,,,,,,FHUSA04DYS,"270,000,000.00",12/31/09
,,,,,,,,,,,,,,,,,,,,,,,,,,,,,,,,FHUSA04GRD,"3,345,067,000,000.00",9/30/11
,,,,,,,,,,,,,,,,,,,,,,,,,,,,,,,,FHUSA04CFP,"1,003,000,000.00",1/31/12
,,,,,,,,,,,,,,,,,,,,,,,,,,,,,,,,FHUSA04D0J,"947,704,929.00",10/31/11
,,,,,,,,,,,,,,,,,,,,,,,,,,,,,,,,FOUSA09KGP,"2,939,000,000.00",1/31/12
,,,,,,,,,,,,,,,,,,,,,,,,,,,,,,,,FOUSA05LE8,"1,131,000,000.00",1/31/12
,,,,,,,,,,,,,,,,,,,,,,,,,,,,,,,,FOUSA09KFS,,
,,,,,,,,,,,,,,,,,,,,,,,,,,,,,,,,F00000JVON,,
,,,,,,,,,,,,,,,,,,,,,,,,,,,,,,,,FHUSA04DU4,,
,,,,,,,,,,,,,,,,,,,,,,,,,,,,,,,,F00000JULK,,
,,,,,,,,,,,,,,,,,,,,,,,,,,,,,,,,FHUSA04ET3,"1,050,000,000.00",12/31/11
,,,,,,,,,,,,,,,,,,,,,,,,,,,,,,,,FOUSA0906W,"1,569,196,812.00",6/30/11
,,,,,,,,,,,,,,,,,,,,,,,,,,,,,,,,FOUSA07XZL,,
,,,,,,,,,,,,,,,,,,,,,,,,,,,,,,,,FOUSA08ZSF,,
,,,,,,,,,,,,,,,,,,,,,,,,,,,,,,,,FOUSA07ZPH,"4,600,000,000.00",8/31/11
,,,,,,,,,,,,,,,,,,,,,,,,,,,,,,,,FHUSA04AT6,"400,000,000.00",12/31/11
,,,,,,,,,,,,,,,,,,,,,,,,,,,,,,,,F00000MEDR,"400,000,000.00",12/31/11
,,,,,,,,,,,,,,,,,,,,,,,,,,,,,,,,FOUSA05LES,"400,000,000.00",12/31/11
,,,,,,,,,,,,,,,,,,,,,,,,,,,,,,,,FOUSA06LEK,"2,410,439,237.00",12/31/10
,,,,,,,,,,,,,,,,,,,,,,,,,,,,,,,,FOUSA08Z52,,
,,,,,,,,,,,,,,,,,,,,,,,,,,,,,,,,F000000CRU,,
,,,,,,,,,,,,,,,,,,,,,,,,,,,,,,,,FOUSA06U38,"698,000,000.00",5/31/11
,,,,,,,,,,,,,,,,,,,,,,,,,,,,,,,,FHUSA04B6J,"333,000,000.00",12/31/11
,,,,,,,,,,,,,,,,,,,,,,,,,,,,,,,,FHUSA04GWS,"994,000,000.00",10/31/10
,,,,,,,,,,,,,,,,,,,,,,,,,,,,,,,,F00000MCP5,"1,236,200,000.00",3/31/11
,,,,,,,,,,,,,,,,,,,,,,,,,,,,,,,,FOUSA08Z38,"11,300,000,000.00",1/31/11
,,,,,,,,,,,,,,,,,,,,,,,,,,,,,,,,FOUSA06N2I,,
,,,,,,,,,,,,,,,,,,,,,,,,,,,,,,,,F00000MDA9,"1,854,000,000.00",1/31/12
,,,,,,,,,,,,,,,,,,,,,,,,,,,,,,,,F000000COI,,
,,,,,,,,,,,,,,,,,,,,,,,,,,,,,,,,FHUSA04GBQ,,
,,,,,,,,,,,,,,,,,,,,,,,,,,,,,,,,F0GBR0557B,,
,,,,,,,,,,,,,,,,,,,,,,,,,,,,,,,,F0GBR05TON,,
,,,,,,,,,,,,,,,,,,,,,,,,,,,,,,,,FOUSA08S8Y,"411,000,000.00",12/31/11
,,,,,,,,,,,,,,,,,,,,,,,,,,,,,,,,F00000ITSG,"6,186,841,665.00",1/31/12
,,,,,,,,,,,,,,,,,,,,,,,,,,,,,,,,F0000040P1,,
,,,,,,,,,,,,,,,,,,,,,,,,,,,,,,,,FHUSA04B1N,"923,000,000.00",12/31/11
,,,,,,,,,,,,,,,,,,,,,,,,,,,,,,,,FOUSA06U5X,"1,500,000,000.00",4/30/11
,,,,,,,,,,,,,,,,,,,,,,,,,,,,,,,,FHUSA04GF1,"6,870,000,000.00",1/31/12
,,,,,,,,,,,,,,,,,,,,,,,,,,,,,,,,FOUSA06IS2,"4,601,700,000.00",12/31/11
,,,,,,,,,,,,,,,,,,,,,,,,,,,,,,,,F00000GW8W,"7,000,000,000.00",8/31/11
,,,,,,,,,,,,,,,,,,,,,,,,,,,,,,,,FOUSA06R29,"16,725,000,000.00",12/31/11
,,,,,,,,,,,,,,,,,,,,,,,,,,,,,,,,FOUSA08RKM,"3,189,000,000.00",12/31/11
,,,,,,,,,,,,,,,,,,,,,,,,,,,,,,,,FOUSA08QPR,,
,,,,,,,,,,,,,,,,,,,,,,,,,,,,,,,,FOUSA08QPS,,
,,,,,,,,,,,,,,,,,,,,,,,,,,,,,,,,FOUSA05L6M,"338,160,000.00",12/31/11
,,,,,,,,,,,,,,,,,,,,,,,,,,,,,,,,FHUSA04E9S,"1,518,850,000.00",11/30/10
,,,,,,,,,,,,,,,,,,,,,,,,,,,,,,,,FHUSA04FPR,"1,700,000,000.00",12/31/11
,,,,,,,,,,,,,,,,,,,,,,,,,,,,,,,,FOUSA05LB7,,
,,,,,,,,,,,,,,,,,,,,,,,,,,,,,,,,FHUSA04GXZ,"1,633,236,935.00",11/30/11
,,,,,,,,,,,,,,,,,,,,,,,,,,,,,,,,FHUSA04BRB,"9,138,000,000.00",1/31/12
,,,,,,,,,,,,,,,,,,,,,,,,,,,,,,,,FHUSA04F1G,"14,278,000,000.00",12/31/11
,,,,,,,,,,,,,,,,,,,,,,,,,,,,,,,,F00000LOQN,"8,355,000,000.00",11/30/11
,,,,,,,,,,,,,,,,,,,,,,,,,,,,,,,,F00000ITAN,,
,,,,,,,,,,,,,,,,,,,,,,,,,,,,,,,,FHUSA04I8Q,,
,,,,,,,,,,,,,,,,,,,,,,,,,,,,,,,,F00000NO7L,"2,137,678,976.00",11/30/11
,,,,,,,,,,,,,,,,,,,,,,,,,,,,,,,,FOUSA09G66,,
,,,,,,,,,,,,,,,,,,,,,,,,,,,,,,,,FOUSA08ZSG,,
,,,,,,,,,,,,,,,,,,,,,,,,,,,,,,,,F00000LPPE,"8,355,000,000.00",11/30/11
,,,,,,,,,,,,,,,,,,,,,,,,,,,,,,,,FOUSA05L8Y,"1,495,300,000.00",1/31/12
,,,,,,,,,,,,,,,,,,,,,,,,,,,,,,,,FOUSA06LPY,"1,701,023,987.00",1/31/12
,,,,,,,,,,,,,,,,,,,,,,,,,,,,,,,,F00000LZ77,,
,,,,,,,,,,,,,,,,,,,,,,,,,,,,,,,,F00000MG65,,
,,,,,,,,,,,,,,,,,,,,,,,,,,,,,,,,FHUSA04AVP,"1,470,000,000.00",12/31/11
,,,,,,,,,,,,,,,,,,,,,,,,,,,,,,,,FHUSA04ER9,"193,083.00",12/31/11
,,,,,,,,,,,,,,,,,,,,,,,,,,,,,,,,FOUSA06MCE,"2,078,306,870.00",12/31/11
,,,,,,,,,,,,,,,,,,,,,,,,,,,,,,,,F00000IRS3,"530,335,686.00",12/31/11
,,,,,,,,,,,,,,,,,,,,,,,,,,,,,,,,F00000IRRJ,"530,335,686.00",12/31/11
,,,,,,,,,,,,,,,,,,,,,,,,,,,,,,,,FOUSA06C4Y,"1,518,850,000.00",11/30/10
,,,,,,,,,,,,,,,,,,,,,,,,,,,,,,,,FOUSA08ZKN,"600,414,000.00",12/31/11
,,,,,,,,,,,,,,,,,,,,,,,,,,,,,,,,FHUSA04G5K,,
,,,,,,,,,,,,,,,,,,,,,,,,,,,,,,,,FOUSA08ZJU,"951,874,000.00",12/31/11
,,,,,,,,,,,,,,,,,,,,,,,,,,,,,,,,FOUSA08ZRO,,
,,,,,,,,,,,,,,,,,,,,,,,,,,,,,,,,F0GBR06BDJ,,
,,,,,,,,,,,,,,,,,,,,,,,,,,,,,,,,F000000CQM,,
,,,,,,,,,,,,,,,,,,,,,,,,,,,,,,,,F0GBR052T0,,
,,,,,,,,,,,,,,,,,,,,,,,,,,,,,,,,FOGBR05U2G,,
,,,,,,,,,,,,,,,,,,,,,,,,,,,,,,,,FHUSA04GFA,"544,326.00",12/31/11
,,,,,,,,,,,,,,,,,,,,,,,,,,,,,,,,FOUSA09GLG,,
,,,,,,,,,,,,,,,,,,,,,,,,,,,,,,,,F000005PP7,,
,,,,,,,,,,,,,,,,,,,,,,,,,,,,,,,,FHUSA04CUD,,
,,,,,,,,,,,,,,,,,,,,,,,,,,,,,,,,FOUSA05XP4,,
,,,,,,,,,,,,,,,,,,,,,,,,,,,,,,,,FHUSA04B6O,"2,270,017,000.00",12/31/11
,,,,,,,,,,,,,,,,,,,,,,,,,,,,,,,,FOUSA08OQ7,,
,,,,,,,,,,,,,,,,,,,,,,,,,,,,,,,,FHUSA04C1V,"1,800,000,000.00",4/30/11
,,,,,,,,,,,,,,,,,,,,,,,,,,,,,,,,FOUSA06JIV,"6,629,000,000.00",12/31/11
,,,,,,,,,,,,,,,,,,,,,,,,,,,,,,,,FOUSA08ZIS,"2,812,000,000.00",9/30/11
,,,,,,,,,,,,,,,,,,,,,,,,,,,,,,,,FOUSA06VOX,,
,,,,,,,,,,,,,,,,,,,,,,,,,,,,,,,,F0000007SD,"16,971,700,000.00",11/30/03
,,,,,,,,,,,,,,,,,,,,,,,,,,,,,,,,F00000IS6V,"2,450,000,000.00",12/31/11
,,,,,,,,,,,,,,,,,,,,,,,,,,,,,,,,FOUSA05XO6,"270,000,000.00",12/31/11
,,,,,,,,,,,,,,,,,,,,,,,,,,,,,,,,FOUSA05KY2,"6,629,000,000.00",12/31/11
,,,,,,,,,,,,,,,,,,,,,,,,,,,,,,,,FOUSA08S8N,"8,000,000,000.00",12/31/11
,,,,,,,,,,,,,,,,,,,,,,,,,,,,,,,,F0GBR05T5B,"1,940,000,000.00",3/31/11
,,,,,,,,,,,,,,,,,,,,,,,,,,,,,,,,FHUSA04C18,,
,,,,,,,,,,,,,,,,,,,,,,,,,,,,,,,,FHUSA04GEA,"2,137,678,976.00",11/30/11
,,,,,,,,,,,,,,,,,,,,,,,,,,,,,,,,FHUSA04B9T,,
,,,,,,,,,,,,,,,,,,,,,,,,,,,,,,,,FHUSA04B9U,,
,,,,,,,,,,,,,,,,,,,,,,,,,,,,,,,,FHUSA04CHJ,"225,448,775.00",12/31/11
,,,,,,,,,,,,,,,,,,,,,,,,,,,,,,,,F00000GYEG,"7,000,000,000.00",8/31/11
,,,,,,,,,,,,,,,,,,,,,,,,,,,,,,,,FHUSA04B6P,"2,270,017,000.00",12/31/11
,,,,,,,,,,,,,,,,,,,,,,,,,,,,,,,,FOUSA06HJS,,
,,,,,,,,,,,,,,,,,,,,,,,,,,,,,,,,FOUSA06HJT,,
,,,,,,,,,,,,,,,,,,,,,,,,,,,,,,,,FHUSA04GGL,"62,954,097,367.00",1/31/12
,,,,,,,,,,,,,,,,,,,,,,,,,,,,,,,,FOUSA08ZJV,"951,874,000.00",12/31/11
,,,,,,,,,,,,,,,,,,,,,,,,,,,,,,,,FHUSA04EUR,"998,760,000.00",12/31/11
,,,,,,,,,,,,,,,,,,,,,,,,,,,,,,,,FOUSA08PI3,"333,000,000.00",4/30/11
,,,,,,,,,,,,,,,,,,,,,,,,,,,,,,,,F0GBR06BF0,,
,,,,,,,,,,,,,,,,,,,,,,,,,,,,,,,,F0GBR06BF2,,
,,,,,,,,,,,,,,,,,,,,,,,,,,,,,,,,F000000EZM,,
,,,,,,,,,,,,,,,,,,,,,,,,,,,,,,,,FOUSA0905R,"313,000,000.00",11/30/11
,,,,,,,,,,,,,,,,,,,,,,,,,,,,,,,,F00000IS76,,
,,,,,,,,,,,,,,,,,,,,,,,,,,,,,,,,F00000MUIF,"740,100,000.00",8/31/11
,,,,,,,,,,,,,,,,,,,,,,,,,,,,,,,,FOUSA06IS1,"1,261,000,000.00",1/31/12
,,,,,,,,,,,,,,,,,,,,,,,,,,,,,,,,FOUSA05LDT,"333,000,000.00",4/30/11
,,,,,,,,,,,,,,,,,,,,,,,,,,,,,,,,FHUSA04FL5,"778,038,009.00",7/31/11
,,,,,,,,,,,,,,,,,,,,,,,,,,,,,,,,FHUSA04IEE,"1,603,930,177.00",12/31/11
,,,,,,,,,,,,,,,,,,,,,,,,,,,,,,,,F00000H0P3,"1,000,000,000.00",12/31/11
,,,,,,,,,,,,,,,,,,,,,,,,,,,,,,,,FOUSA05KXY,,
,,,,,,,,,,,,,,,,,,,,,,,,,,,,,,,,F00000JNR4,"137,000,000.00",12/31/09
,,,,,,,,,,,,,,,,,,,,,,,,,,,,,,,,FHUSA04EX7,,
,,,,,,,,,,,,,,,,,,,,,,,,,,,,,,,,F000000FHK,,
,,,,,,,,,,,,,,,,,,,,,,,,,,,,,,,,F00000N2DW,"18,000,000,000.00",12/31/11
,,,,,,,,,,,,,,,,,,,,,,,,,,,,,,,,FHUSA04FL8,"778,038,009.00",7/31/11
,,,,,,,,,,,,,,,,,,,,,,,,,,,,,,,,F00000LYTW,,
,,,,,,,,,,,,,,,,,,,,,,,,,,,,,,,,FOUSA05KZN,"1,000,000,000.00",12/31/11
,,,,,,,,,,,,,,,,,,,,,,,,,,,,,,,,F00000JRTR,,
,,,,,,,,,,,,,,,,,,,,,,,,,,,,,,,,FHUSA04HLT,"1,807,710,000.00",9/30/11
,,,,,,,,,,,,,,,,,,,,,,,,,,,,,,,,FOUSA05KVH,,
,,,,,,,,,,,,,,,,,,,,,,,,,,,,,,,,FOUSA088B0,"24,527,000.00",12/31/09
,,,,,,,,,,,,,,,,,,,,,,,,,,,,,,,,FOUSA08PUZ,"760,000,000.00",12/31/11
,,,,,,,,,,,,,,,,,,,,,,,,,,,,,,,,FOUSA05L7B,"193,083.00",12/31/11
,,,,,,,,,,,,,,,,,,,,,,,,,,,,,,,,FHUSA04HK3,"371,800,000.00",1/31/12
,,,,,,,,,,,,,,,,,,,,,,,,,,,,,,,,F00000HHJW,,
,,,,,,,,,,,,,,,,,,,,,,,,,,,,,,,,F00000IT7I,"579,380,841.00",12/31/11
,,,,,,,,,,,,,,,,,,,,,,,,,,,,,,,,FHUSA04ICO,"430,000,000.00",10/31/11
,,,,,,,,,,,,,,,,,,,,,,,,,,,,,,,,FOUSA06SF4,,
,,,,,,,,,,,,,,,,,,,,,,,,,,,,,,,,FOUSA08OSO,,
,,,,,,,,,,,,,,,,,,,,,,,,,,,,,,,,FOUSA07YFH,,
,,,,,,,,,,,,,,,,,,,,,,,,,,,,,,,,FOUSA07YFI,,
,,,,,,,,,,,,,,,,,,,,,,,,,,,,,,,,F00000LXXU,"464,000,000.00",7/31/11
,,,,,,,,,,,,,,,,,,,,,,,,,,,,,,,,F000000CNW,,
,,,,,,,,,,,,,,,,,,,,,,,,,,,,,,,,FOUSA09KEA,"200,000,000.00",12/31/11
,,,,,,,,,,,,,,,,,,,,,,,,,,,,,,,,FOUSA07XPO,"105,900,000.00",11/30/10
,,,,,,,,,,,,,,,,,,,,,,,,,,,,,,,,FHUSA04D0F,"200,000,000.00",1/31/12
,,,,,,,,,,,,,,,,,,,,,,,,,,,,,,,,FHUSA04DU5,,
,,,,,,,,,,,,,,,,,,,,,,,,,,,,,,,,FOUSA05LHA,,
,,,,,,,,,,,,,,,,,,,,,,,,,,,,,,,,FHUSA04HCI,"4,600,000,000.00",8/31/11
,,,,,,,,,,,,,,,,,,,,,,,,,,,,,,,,F00000LVQY,"326,814,000.00",12/31/11
,,,,,,,,,,,,,,,,,,,,,,,,,,,,,,,,F000000CHH,"2,140,000,000.00",11/30/11
,,,,,,,,,,,,,,,,,,,,,,,,,,,,,,,,FOUSA08MMT,"195,392,303.00",11/30/11
,,,,,,,,,,,,,,,,,,,,,,,,,,,,,,,,FHUSA04F2Z,"428,610,000.00",12/31/11
,,,,,,,,,,,,,,,,,,,,,,,,,,,,,,,,FOUSA08XLD,"1,854,000,000.00",1/31/12
,,,,,,,,,,,,,,,,,,,,,,,,,,,,,,,,FHUSA04I8U,,
,,,,,,,,,,,,,,,,,,,,,,,,,,,,,,,,FHUSA04DF6,"194,000,000.00",1/31/12
,,,,,,,,,,,,,,,,,,,,,,,,,,,,,,,,FOUSA05L7H,,
,,,,,,,,,,,,,,,,,,,,,,,,,,,,,,,,FOUSA07CB7,,
,,,,,,,,,,,,,,,,,,,,,,,,,,,,,,,,FOUSA08SMD,"300,000,000.00",12/31/11
,,,,,,,,,,,,,,,,,,,,,,,,,,,,,,,,FHUSA04BP8,,
,,,,,,,,,,,,,,,,,,,,,,,,,,,,,,,,FOUSA05L20,"583,796,784.00",11/30/11
,,,,,,,,,,,,,,,,,,,,,,,,,,,,,,,,FHUSA04F31,"428,610,000.00",12/31/11
,,,,,,,,,,,,,,,,,,,,,,,,,,,,,,,,FHUSA04APQ,"239,602,688.00",12/31/11
,,,,,,,,,,,,,,,,,,,,,,,,,,,,,,,,FHUSA04APR,"239,602,688.00",12/31/11
,,,,,,,,,,,,,,,,,,,,,,,,,,,,,,,,FHUSA04H45,"219,700,000,000.00",12/31/11
,,,,,,,,,,,,,,,,,,,,,,,,,,,,,,,,FHUSA04C34,"413,876,609.00",1/31/10
,,,,,,,,,,,,,,,,,,,,,,,,,,,,,,,,FOUSA08ORO,"413,876,609.00",1/31/10
,,,,,,,,,,,,,,,,,,,,,,,,,,,,,,,,FOUSA08ORR,"413,876,609.00",1/31/10
,,,,,,,,,,,,,,,,,,,,,,,,,,,,,,,,FOUSA08ORT,"413,876,609.00",1/31/10
,,,,,,,,,,,,,,,,,,,,,,,,,,,,,,,,FOUSA08ORX,"413,876,609.00",1/31/10
,,,,,,,,,,,,,,,,,,,,,,,,,,,,,,,,FOUSA05L8A,"11,362,800,000.00",12/31/11
,,,,,,,,,,,,,,,,,,,,,,,,,,,,,,,,FHUSA04FVT,"1,000,000,000.00",12/31/11
,,,,,,,,,,,,,,,,,,,,,,,,,,,,,,,,FHUSA04ASH,"1,456,470,000.00",12/31/11
,,,,,,,,,,,,,,,,,,,,,,,,,,,,,,,,FOUSA06MUS,"29,706,000,000.00",6/30/10
,,,,,,,,,,,,,,,,,,,,,,,,,,,,,,,,FHUSA04BNV,,
,,,,,,,,,,,,,,,,,,,,,,,,,,,,,,,,F00000NBJD,"43,619,000,000.00",9/30/11
,,,,,,,,,,,,,,,,,,,,,,,,,,,,,,,,F00000JP4S,,
,,,,,,,,,,,,,,,,,,,,,,,,,,,,,,,,FHUSA04BLN,"542,000,000.00",12/31/11
,,,,,,,,,,,,,,,,,,,,,,,,,,,,,,,,FHUSA04F8U,,
,,,,,,,,,,,,,,,,,,,,,,,,,,,,,,,,FHUSA04F8W,,
,,,,,,,,,,,,,,,,,,,,,,,,,,,,,,,,FOUSA08PWW,,
,,,,,,,,,,,,,,,,,,,,,,,,,,,,,,,,FHUSA04AOJ,"2,800,000,000.00",12/31/11
,,,,,,,,,,,,,,,,,,,,,,,,,,,,,,,,FHUSA04AV0,"190,000,000.00",12/31/11
,,,,,,,,,,,,,,,,,,,,,,,,,,,,,,,,FOUSA090C9,"3,152,000,000.00",12/31/11
,,,,,,,,,,,,,,,,,,,,,,,,,,,,,,,,FHUSA04F5Y,"3,152,000,000.00",12/31/11
,,,,,,,,,,,,,,,,,,,,,,,,,,,,,,,,F00000ITSK,,
,,,,,,,,,,,,,,,,,,,,,,,,,,,,,,,,FOUSA05L9V,"185,700,000.00",12/31/11
,,,,,,,,,,,,,,,,,,,,,,,,,,,,,,,,FOUSA090FL,,
,,,,,,,,,,,,,,,,,,,,,,,,,,,,,,,,F0GBR06D4N,,
,,,,,,,,,,,,,,,,,,,,,,,,,,,,,,,,F0GBR06F2G,,
,,,,,,,,,,,,,,,,,,,,,,,,,,,,,,,,FHUSA04CJ7,"414,870,211.00",12/31/11
,,,,,,,,,,,,,,,,,,,,,,,,,,,,,,,,FOUSA08YA4,"539,260,000.00",12/31/11
,,,,,,,,,,,,,,,,,,,,,,,,,,,,,,,,FOUSA06L88,"12,900,000,000.00",10/31/09
,,,,,,,,,,,,,,,,,,,,,,,,,,,,,,,,FHUSA04CNE,"8,610,202,091.00",12/31/11
,,,,,,,,,,,,,,,,,,,,,,,,,,,,,,,,F00000ISTJ,"341,600,000.00",10/31/11
,,,,,,,,,,,,,,,,,,,,,,,,,,,,,,,,FOUSA08SP7,"2,078,306,870.00",12/31/11
,,,,,,,,,,,,,,,,,,,,,,,,,,,,,,,,F00000N60I,"10,869,500,000.00",4/30/11
,,,,,,,,,,,,,,,,,,,,,,,,,,,,,,,,FHUSA04BPO,,
,,,,,,,,,,,,,,,,,,,,,,,,,,,,,,,,FHUSA04BPP,,
,,,,,,,,,,,,,,,,,,,,,,,,,,,,,,,,F00000M9OK,"10,869,500,000.00",4/30/11
,,,,,,,,,,,,,,,,,,,,,,,,,,,,,,,,FOUSA06JTF,"22,598,000,000.00",9/30/11
,,,,,,,,,,,,,,,,,,,,,,,,,,,,,,,,FHUSA04HPU,"923,000,000.00",12/31/11
,,,,,,,,,,,,,,,,,,,,,,,,,,,,,,,,FHUSA04EW4,,
,,,,,,,,,,,,,,,,,,,,,,,,,,,,,,,,FHUSA04FM7,,
,,,,,,,,,,,,,,,,,,,,,,,,,,,,,,,,F0GBR06C5D,,
,,,,,,,,,,,,,,,,,,,,,,,,,,,,,,,,F0GBR06C5H,,
,,,,,,,,,,,,,,,,,,,,,,,,,,,,,,,,F0GBR06C5I,,
,,,,,,,,,,,,,,,,,,,,,,,,,,,,,,,,FHUSA04CKW,"700,000,000.00",11/30/10
,,,,,,,,,,,,,,,,,,,,,,,,,,,,,,,,F00000LJ5D,,
,,,,,,,,,,,,,,,,,,,,,,,,,,,,,,,,FHUSA04BLR,"266,407,812.00",12/31/11
,,,,,,,,,,,,,,,,,,,,,,,,,,,,,,,,FHUSA04C8R,"12,900,000,000.00",10/31/09
,,,,,,,,,,,,,,,,,,,,,,,,,,,,,,,,FHUSA04FZM,"193,000,000.00",12/31/10
,,,,,,,,,,,,,,,,,,,,,,,,,,,,,,,,FOUSA06R0K,"4,700,000,000.00",12/31/11
,,,,,,,,,,,,,,,,,,,,,,,,,,,,,,,,FHUSA04DDQ,"8,428,000,000.00",1/31/12
,,,,,,,,,,,,,,,,,,,,,,,,,,,,,,,,FHUSA04AR7,"745,000,000.00",1/31/12
,,,,,,,,,,,,,,,,,,,,,,,,,,,,,,,,F00000MHWB,"16,971,700,000.00",11/30/03
,,,,,,,,,,,,,,,,,,,,,,,,,,,,,,,,FHUSA04D1X,"201,900,000.00",6/30/11
,,,,,,,,,,,,,,,,,,,,,,,,,,,,,,,,FHUSA04C7I,"946,800,000.00",1/31/12
,,,,,,,,,,,,,,,,,,,,,,,,,,,,,,,,FOUSA08PX9,"927,800,000.00",12/31/11
,,,,,,,,,,,,,,,,,,,,,,,,,,,,,,,,F000000CGA,,
,,,,,,,,,,,,,,,,,,,,,,,,,,,,,,,,FOUSA08Y9A,,
,,,,,,,,,,,,,,,,,,,,,,,,,,,,,,,,FHUSA04EVP,"431,448,134.00",12/31/11
,,,,,,,,,,,,,,,,,,,,,,,,,,,,,,,,FHUSA04CEQ,"1,427,000,000.00",1/31/12
,,,,,,,,,,,,,,,,,,,,,,,,,,,,,,,,FOUSA05LEV,"709,371,621.00",12/31/11
,,,,,,,,,,,,,,,,,,,,,,,,,,,,,,,,FOUSA05LEW,"709,371,621.00",12/31/11
,,,,,,,,,,,,,,,,,,,,,,,,,,,,,,,,F00000LKQ6,,
,,,,,,,,,,,,,,,,,,,,,,,,,,,,,,,,FHUSA04CFK,"730,000,000.00",12/31/11
,,,,,,,,,,,,,,,,,,,,,,,,,,,,,,,,FOUSA05L8Z,"1,495,300,000.00",1/31/12
,,,,,,,,,,,,,,,,,,,,,,,,,,,,,,,,F00000MA80,,
,,,,,,,,,,,,,,,,,,,,,,,,,,,,,,,,F00000NK3Z,"519,181,988.00",12/31/11
,,,,,,,,,,,,,,,,,,,,,,,,,,,,,,,,F00000NK3T,"519,181,988.00",12/31/11
,,,,,,,,,,,,,,,,,,,,,,,,,,,,,,,,FHUSA04F4X,"1,332,400,000.00",12/31/11
,,,,,,,,,,,,,,,,,,,,,,,,,,,,,,,,F00000H5EH,"664,700,000.00",4/30/10
,,,,,,,,,,,,,,,,,,,,,,,,,,,,,,,,F00000LZ76,,
,,,,,,,,,,,,,,,,,,,,,,,,,,,,,,,,F00000MGF0,,
,,,,,,,,,,,,,,,,,,,,,,,,,,,,,,,,F00000MGF1,,
,,,,,,,,,,,,,,,,,,,,,,,,,,,,,,,,FHUSA04HSP,,
,,,,,,,,,,,,,,,,,,,,,,,,,,,,,,,,F00000IRNR,,
,,,,,,,,,,,,,,,,,,,,,,,,,,,,,,,,F00000IRNT,,
,,,,,,,,,,,,,,,,,,,,,,,,,,,,,,,,FOUSA05L9B,"8,355,000,000.00",11/30/11
,,,,,,,,,,,,,,,,,,,,,,,,,,,,,,,,FOUSA07XX3,"175,000,000.00",1/31/12
,,,,,,,,,,,,,,,,,,,,,,,,,,,,,,,,F00000JR4I,,
,,,,,,,,,,,,,,,,,,,,,,,,,,,,,,,,FHUSA04B90,,
,,,,,,,,,,,,,,,,,,,,,,,,,,,,,,,,FHUSA04B91,,
,,,,,,,,,,,,,,,,,,,,,,,,,,,,,,,,FOUSA06U33,"208,782,000.00",1/31/12
,,,,,,,,,,,,,,,,,,,,,,,,,,,,,,,,FOUSA05LJ3,"1,000,000,000.00",12/31/11
,,,,,,,,,,,,,,,,,,,,,,,,,,,,,,,,FOUSA06HVI,"1,600,000,000.00",12/31/11
,,,,,,,,,,,,,,,,,,,,,,,,,,,,,,,,FHUSA04HK6,"238,689,332.00",12/31/11
,,,,,,,,,,,,,,,,,,,,,,,,,,,,,,,,FOUSA05LAS,"238,689,332.00",12/31/11
,,,,,,,,,,,,,,,,,,,,,,,,,,,,,,,,FOUSA05LI3,"3,636,800,000.00",12/31/11
,,,,,,,,,,,,,,,,,,,,,,,,,,,,,,,,FOUSA08PCF,"262,000,000.00",12/31/11
,,,,,,,,,,,,,,,,,,,,,,,,,,,,,,,,FHUSA04F5M,"904,000,000.00",10/31/11
,,,,,,,,,,,,,,,,,,,,,,,,,,,,,,,,F00000H5MS,"423,700,000.00",12/31/11
,,,,,,,,,,,,,,,,,,,,,,,,,,,,,,,,FOUSA06J1T,"438,926,000.00",11/30/10
,,,,,,,,,,,,,,,,,,,,,,,,,,,,,,,,FHUSA04CG3,"2,329,114,054.00",7/31/09
,,,,,,,,,,,,,,,,,,,,,,,,,,,,,,,,FHUSA04B9R,,
,,,,,,,,,,,,,,,,,,,,,,,,,,,,,,,,FHUSA04ESK,,
,,,,,,,,,,,,,,,,,,,,,,,,,,,,,,,,FOUSA05LK0,,
,,,,,,,,,,,,,,,,,,,,,,,,,,,,,,,,FOUSA06HQZ,"14,200,000,000.00",12/31/11
,,,,,,,,,,,,,,,,,,,,,,,,,,,,,,,,FHUSA04AM1,"669,983,947.00",9/30/11
,,,,,,,,,,,,,,,,,,,,,,,,,,,,,,,,FHUSA04B57,"669,983,947.00",9/30/11
,,,,,,,,,,,,,,,,,,,,,,,,,,,,,,,,FHUSA04H8F,"1,495,300,000.00",1/31/12
,,,,,,,,,,,,,,,,,,,,,,,,,,,,,,,,F00000ML13,"418,177,219.00",11/30/11
,,,,,,,,,,,,,,,,,,,,,,,,,,,,,,,,F00000MEF8,"753,707,882.00",12/31/11
,,,,,,,,,,,,,,,,,,,,,,,,,,,,,,,,F000000FHG,"1,058,191,501.00",11/30/11
,,,,,,,,,,,,,,,,,,,,,,,,,,,,,,,,FOUSA06S45,,
,,,,,,,,,,,,,,,,,,,,,,,,,,,,,,,,FOUSA08R9Y,"4,013,300,000.00",12/31/11
,,,,,,,,,,,,,,,,,,,,,,,,,,,,,,,,FHUSA04ARC,"323,000,000.00",12/31/11
,,,,,,,,,,,,,,,,,,,,,,,,,,,,,,,,F00000MDAA,"1,854,000,000.00",1/31/12
,,,,,,,,,,,,,,,,,,,,,,,,,,,,,,,,FOUSA08P2J,"873,000,000.00",9/30/11
,,,,,,,,,,,,,,,,,,,,,,,,,,,,,,,,FHUSA04HK2,"371,800,000.00",1/31/12
,,,,,,,,,,,,,,,,,,,,,,,,,,,,,,,,FOUSA0800P,"4,300,633,229.00",12/31/11
,,,,,,,,,,,,,,,,,,,,,,,,,,,,,,,,FHUSA04AO9,"558,000,000.00",12/31/11
,,,,,,,,,,,,,,,,,,,,,,,,,,,,,,,,FHUSA04B2T,,
,,,,,,,,,,,,,,,,,,,,,,,,,,,,,,,,FHUSA04BLO,,
,,,,,,,,,,,,,,,,,,,,,,,,,,,,,,,,FOUSA05KW8,"171,000,000.00",12/31/11
,,,,,,,,,,,,,,,,,,,,,,,,,,,,,,,,FHUSA04IAQ,"71,827,000,000.00",12/31/09
,,,,,,,,,,,,,,,,,,,,,,,,,,,,,,,,FOUSA08ZT3,"614,435,567.00",8/31/09
,,,,,,,,,,,,,,,,,,,,,,,,,,,,,,,,FOUSA06MJT,"17,100,000,000.00",12/31/09
,,,,,,,,,,,,,,,,,,,,,,,,,,,,,,,,FHUSA04F4V,"1,332,400,000.00",12/31/11
,,,,,,,,,,,,,,,,,,,,,,,,,,,,,,,,FOUSA05LCC,"21,203,625,001.00",11/30/11
,,,,,,,,,,,,,,,,,,,,,,,,,,,,,,,,FHUSA04G95,,
,,,,,,,,,,,,,,,,,,,,,,,,,,,,,,,,FHUSA04COT,,
,,,,,,,,,,,,,,,,,,,,,,,,,,,,,,,,F00000H565,"411,351,380.00",1/31/12
,,,,,,,,,,,,,,,,,,,,,,,,,,,,,,,,FHUSA04F4Y,"1,332,400,000.00",12/31/11
,,,,,,,,,,,,,,,,,,,,,,,,,,,,,,,,F00000GWIU,"211,908,860.00",7/31/11
,,,,,,,,,,,,,,,,,,,,,,,,,,,,,,,,FHUSA04HQ3,"2,590,000,000.00",3/31/10
,,,,,,,,,,,,,,,,,,,,,,,,,,,,,,,,FOUSA06O29,"1,399,943,233.00",12/31/11
,,,,,,,,,,,,,,,,,,,,,,,,,,,,,,,,FHUSA04AHY,"645,000,000.00",11/30/11
,,,,,,,,,,,,,,,,,,,,,,,,,,,,,,,,FHUSA04HBJ,"2,100,000,000.00",1/31/12
,,,,,,,,,,,,,,,,,,,,,,,,,,,,,,,,FHUSA04CBR,"3,272,106.00",11/30/11
,,,,,,,,,,,,,,,,,,,,,,,,,,,,,,,,F00000MUPL,,
,,,,,,,,,,,,,,,,,,,,,,,,,,,,,,,,FOUSA06IR1,"278,369,079.00",1/31/12
,,,,,,,,,,,,,,,,,,,,,,,,,,,,,,,,FOUSA05L3R,"16,971,700,000.00",11/30/03
,,,,,,,,,,,,,,,,,,,,,,,,,,,,,,,,FOUSA06MUW,"29,706,000,000.00",6/30/10
,,,,,,,,,,,,,,,,,,,,,,,,,,,,,,,,F00000MEXC,"1,520,000,000.00",12/31/11
,,,,,,,,,,,,,,,,,,,,,,,,,,,,,,,,FHUSA04HXO,,
,,,,,,,,,,,,,,,,,,,,,,,,,,,,,,,,F00000NFFW,"4,900,000,000.00",5/31/11
,,,,,,,,,,,,,,,,,,,,,,,,,,,,,,,,F00000NFFU,"4,900,000,000.00",5/31/11
,,,,,,,,,,,,,,,,,,,,,,,,,,,,,,,,F00000M9PJ,"4,900,000,000.00",5/31/11
,,,,,,,,,,,,,,,,,,,,,,,,,,,,,,,,F00000M9PL,"4,900,000,000.00",5/31/11
,,,,,,,,,,,,,,,,,,,,,,,,,,,,,,,,FHUSA04FYW,"16,971,700,000.00",11/30/03
,,,,,,,,,,,,,,,,,,,,,,,,,,,,,,,,FOUSA08OWT,"2,040,000,000.00",1/31/12
,,,,,,,,,,,,,,,,,,,,,,,,,,,,,,,,F00000IZYS,"156,914,737.00",12/31/11
,,,,,,,,,,,,,,,,,,,,,,,,,,,,,,,,F00000IZYR,"156,914,737.00",12/31/11
,,,,,,,,,,,,,,,,,,,,,,,,,,,,,,,,FHUSA04FKE,"41,500,000.00",12/31/11
,,,,,,,,,,,,,,,,,,,,,,,,,,,,,,,,FHUSA04IEK,"1,221,588,345.00",11/30/11
,,,,,,,,,,,,,,,,,,,,,,,,,,,,,,,,FOUSA06LP3,"1,221,588,345.00",11/30/11
,,,,,,,,,,,,,,,,,,,,,,,,,,,,,,,,FHUSA04G3J,"630,769,265.00",8/31/11
,,,,,,,,,,,,,,,,,,,,,,,,,,,,,,,,FHUSA04ETR,,
,,,,,,,,,,,,,,,,,,,,,,,,,,,,,,,,FOUSA088MW,"5,805,400,000.00",12/31/11
,,,,,,,,,,,,,,,,,,,,,,,,,,,,,,,,FHUSA04C1U,"1,800,000,000.00",4/30/11
,,,,,,,,,,,,,,,,,,,,,,,,,,,,,,,,FOUSA09L6X,"422,520,000.00",12/31/11
,,,,,,,,,,,,,,,,,,,,,,,,,,,,,,,,FOUSA09L7V,"422,520,000.00",12/31/11
,,,,,,,,,,,,,,,,,,,,,,,,,,,,,,,,F00000GWEY,"1,203,000,000.00",11/30/11
,,,,,,,,,,,,,,,,,,,,,,,,,,,,,,,,FHUSA04CLW,,
,,,,,,,,,,,,,,,,,,,,,,,,,,,,,,,,FHUSA04G4N,,
,,,,,,,,,,,,,,,,,,,,,,,,,,,,,,,,FHUSA04G74,,
,,,,,,,,,,,,,,,,,,,,,,,,,,,,,,,,F00000GW98,"6,186,841,665.00",1/31/12
,,,,,,,,,,,,,,,,,,,,,,,,,,,,,,,,FOUSA06R5C,"1,300,000,000.00",1/31/12
,,,,,,,,,,,,,,,,,,,,,,,,,,,,,,,,FOUSA06R5D,"1,300,000,000.00",1/31/12
,,,,,,,,,,,,,,,,,,,,,,,,,,,,,,,,FOUSA06R3D,"1,300,000,000.00",1/31/12
,,,,,,,,,,,,,,,,,,,,,,,,,,,,,,,,FHUSA04F3D,"2,869,402,762.00",12/31/11
,,,,,,,,,,,,,,,,,,,,,,,,,,,,,,,,FOUSA05LHJ,"2,869,402,762.00",12/31/11
,,,,,,,,,,,,,,,,,,,,,,,,,,,,,,,,FHUSA04AFC,"6,405,000,000.00",12/31/11
,,,,,,,,,,,,,,,,,,,,,,,,,,,,,,,,F00000H0KN,"2,021,000,000.00",8/31/11
,,,,,,,,,,,,,,,,,,,,,,,,,,,,,,,,FOUSA08XLB,"1,854,000,000.00",1/31/12
,,,,,,,,,,,,,,,,,,,,,,,,,,,,,,,,FHUSA04ADR,"398,000,000.00",1/31/12
,,,,,,,,,,,,,,,,,,,,,,,,,,,,,,,,F00000GVZ6,"2,130,000,000.00",12/31/11
,,,,,,,,,,,,,,,,,,,,,,,,,,,,,,,,F00000MA74,,
,,,,,,,,,,,,,,,,,,,,,,,,,,,,,,,,FOUSA08Y9L,"148,486,742.00",12/31/11
,,,,,,,,,,,,,,,,,,,,,,,,,,,,,,,,F00000LOVJ,"14,200,000,000.00",12/31/11
,,,,,,,,,,,,,,,,,,,,,,,,,,,,,,,,FHUSA04B1C,"3,211,905,835.00",6/30/09
,,,,,,,,,,,,,,,,,,,,,,,,,,,,,,,,FHUSA04B22,"3,211,905,835.00",6/30/09
,,,,,,,,,,,,,,,,,,,,,,,,,,,,,,,,FHUSA04AMM,"318,314,353.00",1/31/12
,,,,,,,,,,,,,,,,,,,,,,,,,,,,,,,,FHUSA04FOI,"7,684,278,363.00",12/31/11
,,,,,,,,,,,,,,,,,,,,,,,,,,,,,,,,FHUSA04FOJ,"7,684,278,363.00",12/31/11
,,,,,,,,,,,,,,,,,,,,,,,,,,,,,,,,F0000007V2,"16,971,700,000.00",11/30/03
,,,,,,,,,,,,,,,,,,,,,,,,,,,,,,,,F000000CDB,"16,971,700,000.00",11/30/03
,,,,,,,,,,,,,,,,,,,,,,,,,,,,,,,,FOUSA06TSW,"16,971,700,000.00",11/30/03
,,,,,,,,,,,,,,,,,,,,,,,,,,,,,,,,FHUSA04AGV,"4,601,700,000.00",12/31/11
,,,,,,,,,,,,,,,,,,,,,,,,,,,,,,,,F00000NANX,,
,,,,,,,,,,,,,,,,,,,,,,,,,,,,,,,,FHUSA04F86,,
,,,,,,,,,,,,,,,,,,,,,,,,,,,,,,,,FHUSA04F87,,
,,,,,,,,,,,,,,,,,,,,,,,,,,,,,,,,F00000J52X,,
,,,,,,,,,,,,,,,,,,,,,,,,,,,,,,,,F00000J7AD,,
,,,,,,,,,,,,,,,,,,,,,,,,,,,,,,,,FHUSA04GRM,"191,000,000.00",11/30/11
,,,,,,,,,,,,,,,,,,,,,,,,,,,,,,,,FOUSA088YI,"287,270,000.00",1/31/12
,,,,,,,,,,,,,,,,,,,,,,,,,,,,,,,,FHUSA04G8Y,"415,759,726.00",1/31/12
,,,,,,,,,,,,,,,,,,,,,,,,,,,,,,,,FOUSA06UHW,"2,641,823,366.00",9/30/11
,,,,,,,,,,,,,,,,,,,,,,,,,,,,,,,,F0000001QU,"99,277,224,542.00",3/31/11
,,,,,,,,,,,,,,,,,,,,,,,,,,,,,,,,F0000001QV,"99,277,224,542.00",3/31/11
,,,,,,,,,,,,,,,,,,,,,,,,,,,,,,,,FOUSA06MCH,"3,300,000,000.00",9/30/10
,,,,,,,,,,,,,,,,,,,,,,,,,,,,,,,,FOUSA09KHG,"9,138,000,000.00",1/31/12
,,,,,,,,,,,,,,,,,,,,,,,,,,,,,,,,F00000JSMA,"307,000,000.00",12/31/11
,,,,,,,,,,,,,,,,,,,,,,,,,,,,,,,,FHUSA04IFD,"537,613,698.00",12/31/11
,,,,,,,,,,,,,,,,,,,,,,,,,,,,,,,,FOUSA05J4J,"537,613,698.00",12/31/11
,,,,,,,,,,,,,,,,,,,,,,,,,,,,,,,,F00000MJZ2,"165,000,000.00",12/31/11
,,,,,,,,,,,,,,,,,,,,,,,,,,,,,,,,FOUSA06HYO,"1,600,000,000.00",12/31/09
,,,,,,,,,,,,,,,,,,,,,,,,,,,,,,,,FOUSA09L7W,"422,520,000.00",12/31/11
,,,,,,,,,,,,,,,,,,,,,,,,,,,,,,,,F0GBR06A7F,,
,,,,,,,,,,,,,,,,,,,,,,,,,,,,,,,,F0GBR06ETX,,
,,,,,,,,,,,,,,,,,,,,,,,,,,,,,,,,F000000EZD,,
,,,,,,,,,,,,,,,,,,,,,,,,,,,,,,,,F00000ITQH,"45,900,000.00",12/31/11
,,,,,,,,,,,,,,,,,,,,,,,,,,,,,,,,FHUSA04FRT,"1,332,400,000.00",12/31/11
,,,,,,,,,,,,,,,,,,,,,,,,,,,,,,,,FOUSA05KH1,"1,332,400,000.00",12/31/11
,,,,,,,,,,,,,,,,,,,,,,,,,,,,,,,,FHUSA04EPF,"286,495,193.00",1/31/12
,,,,,,,,,,,,,,,,,,,,,,,,,,,,,,,,FOUSA06UDS,"3,211,905,835.00",6/30/09
,,,,,,,,,,,,,,,,,,,,,,,,,,,,,,,,FOUSA06UDU,"3,211,905,835.00",6/30/09
,,,,,,,,,,,,,,,,,,,,,,,,,,,,,,,,FHUSA04FDO,"1,546,075,488.00",6/30/11
,,,,,,,,,,,,,,,,,,,,,,,,,,,,,,,,FHUSA04B8R,,
,,,,,,,,,,,,,,,,,,,,,,,,,,,,,,,,FHUSA04B8S,,
,,,,,,,,,,,,,,,,,,,,,,,,,,,,,,,,FHUSA04BLP,"400,229,880.00",12/31/11
,,,,,,,,,,,,,,,,,,,,,,,,,,,,,,,,FHUSA04EPE,"286,495,193.00",1/31/12
,,,,,,,,,,,,,,,,,,,,,,,,,,,,,,,,FHUSA04BG5,"2,590,000,000.00",3/31/10
,,,,,,,,,,,,,,,,,,,,,,,,,,,,,,,,FHUSA04BEF,"2,590,000,000.00",3/31/10
,,,,,,,,,,,,,,,,,,,,,,,,,,,,,,,,FHUSA04I7Z,"2,590,000,000.00",3/31/10
,,,,,,,,,,,,,,,,,,,,,,,,,,,,,,,,F00000ITY9,"580,755,000.00",12/31/11
,,,,,,,,,,,,,,,,,,,,,,,,,,,,,,,,FOUSA09GEG,"1,300,000,000.00",1/31/12
,,,,,,,,,,,,,,,,,,,,,,,,,,,,,,,,F00000GYED,"7,000,000,000.00",8/31/11
,,,,,,,,,,,,,,,,,,,,,,,,,,,,,,,,FHUSA04FDP,"1,546,075,488.00",6/30/11
,,,,,,,,,,,,,,,,,,,,,,,,,,,,,,,,FHUSA04CBY,"698,000,000.00",5/31/11
,,,,,,,,,,,,,,,,,,,,,,,,,,,,,,,,FHUSA04CZ9,"2,171,000,000.00",12/31/11
,,,,,,,,,,,,,,,,,,,,,,,,,,,,,,,,FOUSA05LEE,"272,194,052.00",12/31/11
,,,,,,,,,,,,,,,,,,,,,,,,,,,,,,,,F00000MJYR,"1,500,000,000.00",4/30/11
,,,,,,,,,,,,,,,,,,,,,,,,,,,,,,,,FOUSA05KWW,"318,314,353.00",1/31/12
,,,,,,,,,,,,,,,,,,,,,,,,,,,,,,,,FHUSA04BAF,"1,350,000,000.00",2/28/10
,,,,,,,,,,,,,,,,,,,,,,,,,,,,,,,,FHUSA04BAH,"1,350,000,000.00",2/28/10
,,,,,,,,,,,,,,,,,,,,,,,,,,,,,,,,FHUSA04CXH,"1,350,000,000.00",2/28/10
,,,,,,,,,,,,,,,,,,,,,,,,,,,,,,,,F0GBR06LH7,,
,,,,,,,,,,,,,,,,,,,,,,,,,,,,,,,,FHUSA04C6L,"2,533,252,588.00",12/31/11
,,,,,,,,,,,,,,,,,,,,,,,,,,,,,,,,FHUSA04G4L,"1,032,400,000.00",12/31/11
,,,,,,,,,,,,,,,,,,,,,,,,,,,,,,,,FHUSA04I78,"2,040,000,000.00",1/31/12
,,,,,,,,,,,,,,,,,,,,,,,,,,,,,,,,FOUSA06SFC,,
,,,,,,,,,,,,,,,,,,,,,,,,,,,,,,,,FOUSA06SFD,,
,,,,,,,,,,,,,,,,,,,,,,,,,,,,,,,,F00000H6RG,"664,700,000.00",4/30/10
,,,,,,,,,,,,,,,,,,,,,,,,,,,,,,,,FOUSA07XYQ,,
,,,,,,,,,,,,,,,,,,,,,,,,,,,,,,,,FHUSA04GMC,"959,480,906.00",12/31/11
,,,,,,,,,,,,,,,,,,,,,,,,,,,,,,,,FOUSA05KXZ,,
,,,,,,,,,,,,,,,,,,,,,,,,,,,,,,,,FOUSA06IQG,"175,000,000.00",12/31/11
,,,,,,,,,,,,,,,,,,,,,,,,,,,,,,,,F00000JSL5,"307,000,000.00",12/31/11
,,,,,,,,,,,,,,,,,,,,,,,,,,,,,,,,FOUSA06OCD,"947,704,929.00",10/31/11
,,,,,,,,,,,,,,,,,,,,,,,,,,,,,,,,F00000GVZB,"133,000,000.00",1/31/12
,,,,,,,,,,,,,,,,,,,,,,,,,,,,,,,,FOUSA05L5X,"244,560,000.00",12/31/11
,,,,,,,,,,,,,,,,,,,,,,,,,,,,,,,,FOUSA06MV1,"29,706,000,000.00",6/30/10
,,,,,,,,,,,,,,,,,,,,,,,,,,,,,,,,FHUSA04BQC,"2,040,000,000.00",1/31/12
,,,,,,,,,,,,,,,,,,,,,,,,,,,,,,,,F00000MQ2G,"1,600,000,000.00",11/30/10
,,,,,,,,,,,,,,,,,,,,,,,,,,,,,,,,F00000GWEN,"1,203,000,000.00",11/30/11
,,,,,,,,,,,,,,,,,,,,,,,,,,,,,,,,FHUSA04ACC,"2,171,000,000.00",12/31/11
,,,,,,,,,,,,,,,,,,,,,,,,,,,,,,,,FOUSA05L2V,"243,000,000.00",12/31/11
,,,,,,,,,,,,,,,,,,,,,,,,,,,,,,,,F00000LILZ,"95,600,000,000.00",10/31/10
,,,,,,,,,,,,,,,,,,,,,,,,,,,,,,,,F00000H6FJ,"495,567,498.00",12/31/11
,,,,,,,,,,,,,,,,,,,,,,,,,,,,,,,,F00000H6FI,"495,567,498.00",12/31/11
,,,,,,,,,,,,,,,,,,,,,,,,,,,,,,,,FOUSA06IRP,"4,700,000,000.00",12/31/11
,,,,,,,,,,,,,,,,,,,,,,,,,,,,,,,,F00000LZ6T,,
,,,,,,,,,,,,,,,,,,,,,,,,,,,,,,,,F00000MGFD,,
,,,,,,,,,,,,,,,,,,,,,,,,,,,,,,,,FOUSA05L2Z,"394,100,000.00",7/31/11
,,,,,,,,,,,,,,,,,,,,,,,,,,,,,,,,FHUSA04BBB,"150,000,000.00",12/31/11
,,,,,,,,,,,,,,,,,,,,,,,,,,,,,,,,FOUSA06M1K,"750,000,000.00",12/31/11
,,,,,,,,,,,,,,,,,,,,,,,,,,,,,,,,FOUSA06PBK,"240,000,000.00",6/30/11
,,,,,,,,,,,,,,,,,,,,,,,,,,,,,,,,FOUSA06XQ3,"640,000,000.00",1/31/12
,,,,,,,,,,,,,,,,,,,,,,,,,,,,,,,,FHUSA04GB4,,
,,,,,,,,,,,,,,,,,,,,,,,,,,,,,,,,FOUSA0902A,"1,190,847,244.00",12/31/11
,,,,,,,,,,,,,,,,,,,,,,,,,,,,,,,,FHUSA04F4C,,
,,,,,,,,,,,,,,,,,,,,,,,,,,,,,,,,FHUSA04FRF,,
,,,,,,,,,,,,,,,,,,,,,,,,,,,,,,,,FHUSA04G7E,"1,782,500,000.00",12/31/11
,,,,,,,,,,,,,,,,,,,,,,,,,,,,,,,,FOUSA0893E,,
,,,,,,,,,,,,,,,,,,,,,,,,,,,,,,,,F000002QLF,,
,,,,,,,,,,,,,,,,,,,,,,,,,,,,,,,,F00000MHRE,"1,711,790,000.00",7/31/11
,,,,,,,,,,,,,,,,,,,,,,,,,,,,,,,,F00000LPOP,"1,711,790,000.00",7/31/11
,,,,,,,,,,,,,,,,,,,,,,,,,,,,,,,,FHUSA04ALQ,"2,171,000,000.00",12/31/11
,,,,,,,,,,,,,,,,,,,,,,,,,,,,,,,,FHUSA04HNR,"500,000,000.00",9/30/10
,,,,,,,,,,,,,,,,,,,,,,,,,,,,,,,,FHUSA04DQQ,,
,,,,,,,,,,,,,,,,,,,,,,,,,,,,,,,,FOUSA08ZBB,"650,000,000.00",12/31/11
,,,,,,,,,,,,,,,,,,,,,,,,,,,,,,,,F00000HLAY,"650,000,000.00",12/31/11
,,,,,,,,,,,,,,,,,,,,,,,,,,,,,,,,F00000HLB3,"650,000,000.00",12/31/11
,,,,,,,,,,,,,,,,,,,,,,,,,,,,,,,,F0GBR06ABG,,
,,,,,,,,,,,,,,,,,,,,,,,,,,,,,,,,F0GBR06ABH,,
,,,,,,,,,,,,,,,,,,,,,,,,,,,,,,,,F000000EZH,,
,,,,,,,,,,,,,,,,,,,,,,,,,,,,,,,,FOUSA06J18,"496,781,298.00",1/31/12
,,,,,,,,,,,,,,,,,,,,,,,,,,,,,,,,F00000N51L,"557,578,977.00",12/31/11
,,,,,,,,,,,,,,,,,,,,,,,,,,,,,,,,F00000N4YH,"557,578,977.00",12/31/11
,,,,,,,,,,,,,,,,,,,,,,,,,,,,,,,,F00000N5IW,"10,869,500,000.00",4/30/11
,,,,,,,,,,,,,,,,,,,,,,,,,,,,,,,,FHUSA04FPC,,
,,,,,,,,,,,,,,,,,,,,,,,,,,,,,,,,F00000M9OJ,"10,869,500,000.00",4/30/11
,,,,,,,,,,,,,,,,,,,,,,,,,,,,,,,,F00000IRRI,"530,335,686.00",12/31/11
,,,,,,,,,,,,,,,,,,,,,,,,,,,,,,,,F00000IRS2,"530,335,686.00",12/31/11
,,,,,,,,,,,,,,,,,,,,,,,,,,,,,,,,FOUSA06XRU,"203,516,495.00",1/31/12
,,,,,,,,,,,,,,,,,,,,,,,,,,,,,,,,F000000CC3,,
,,,,,,,,,,,,,,,,,,,,,,,,,,,,,,,,FOUSA05LIZ,"2,740,000,000.00",11/30/11
,,,,,,,,,,,,,,,,,,,,,,,,,,,,,,,,FHUSA04HKG,"455,760,000.00",12/31/11
,,,,,,,,,,,,,,,,,,,,,,,,,,,,,,,,FHUSA04DMC,"603,065,000.00",12/31/11
,,,,,,,,,,,,,,,,,,,,,,,,,,,,,,,,FHUSA04BM1,"41,163,300,000.00",12/31/11
,,,,,,,,,,,,,,,,,,,,,,,,,,,,,,,,F00000JVOO,"125,900,000.00",12/31/11
,,,,,,,,,,,,,,,,,,,,,,,,,,,,,,,,FOUSA08SQI,,
,,,,,,,,,,,,,,,,,,,,,,,,,,,,,,,,FHUSA04AC6,"426,500,000.00",10/31/11
,,,,,,,,,,,,,,,,,,,,,,,,,,,,,,,,F00000MJM4,,
,,,,,,,,,,,,,,,,,,,,,,,,,,,,,,,,FOUSA09L7X,"185,138,552.00",9/30/10
,,,,,,,,,,,,,,,,,,,,,,,,,,,,,,,,F00000LID9,"422,520,000.00",12/31/11
,,,,,,,,,,,,,,,,,,,,,,,,,,,,,,,,FHUSA04AM7,"415,759,726.00",1/31/12
,,,,,,,,,,,,,,,,,,,,,,,,,,,,,,,,FHUSA04AM8,"415,759,726.00",1/31/12
,,,,,,,,,,,,,,,,,,,,,,,,,,,,,,,,FHUSA04CB2,"4,000,000,000.00",1/31/12
,,,,,,,,,,,,,,,,,,,,,,,,,,,,,,,,FHUSA04AJ0,"218,691,820.00",1/31/12
,,,,,,,,,,,,,,,,,,,,,,,,,,,,,,,,FHUSA04HZK,"124,200,000.00",1/31/12
,,,,,,,,,,,,,,,,,,,,,,,,,,,,,,,,FHUSA04DVD,,
,,,,,,,,,,,,,,,,,,,,,,,,,,,,,,,,FHUSA04DNS,"288,500,000.00",1/31/12
,,,,,,,,,,,,,,,,,,,,,,,,,,,,,,,,FHUSA04D0M,"947,704,929.00",10/31/11
,,,,,,,,,,,,,,,,,,,,,,,,,,,,,,,,F00000HLAK,"1,713,194,761.00",12/31/11
,,,,,,,,,,,,,,,,,,,,,,,,,,,,,,,,FHUSA04GUK,"160,000,000.00",12/31/11
,,,,,,,,,,,,,,,,,,,,,,,,,,,,,,,,FOUSA09GQG,,
,,,,,,,,,,,,,,,,,,,,,,,,,,,,,,,,FHUSA04ADB,"62,954,097,367.00",1/31/12
,,,,,,,,,,,,,,,,,,,,,,,,,,,,,,,,F00000MILE,"2,270,017,000.00",12/31/11
,,,,,,,,,,,,,,,,,,,,,,,,,,,,,,,,FHUSA04DIE,"1,300,000,000.00",1/31/12
,,,,,,,,,,,,,,,,,,,,,,,,,,,,,,,,FHUSA04I81,"2,590,000,000.00",3/31/10
,,,,,,,,,,,,,,,,,,,,,,,,,,,,,,,,F00000IRIN,"482,700,000.00",8/31/10
,,,,,,,,,,,,,,,,,,,,,,,,,,,,,,,,F00000IRIO,"482,700,000.00",8/31/10
,,,,,,,,,,,,,,,,,,,,,,,,,,,,,,,,F00000IRIM,"482,700,000.00",8/31/10
,,,,,,,,,,,,,,,,,,,,,,,,,,,,,,,,F00000MOMV,,
,,,,,,,,,,,,,,,,,,,,,,,,,,,,,,,,FHUSA04C1P,"107,134,468.00",11/30/10
,,,,,,,,,,,,,,,,,,,,,,,,,,,,,,,,FOUSA08QQS,"324,597,000.00",12/31/11
,,,,,,,,,,,,,,,,,,,,,,,,,,,,,,,,F00000LZ7E,,
,,,,,,,,,,,,,,,,,,,,,,,,,,,,,,,,F00000MG6A,,
,,,,,,,,,,,,,,,,,,,,,,,,,,,,,,,,FOUSA08NBV,"95,600,000,000.00",10/31/10
,,,,,,,,,,,,,,,,,,,,,,,,,,,,,,,,FHUSA04EJU,"72,981,562,178.00",12/31/11
,,,,,,,,,,,,,,,,,,,,,,,,,,,,,,,,FHUSA04C7W,"134,000,000.00",12/31/11
,,,,,,,,,,,,,,,,,,,,,,,,,,,,,,,,FOUSA06HUD,"1,600,000,000.00",12/31/11
,,,,,,,,,,,,,,,,,,,,,,,,,,,,,,,,FOUSA08SP8,"1,221,588,345.00",11/30/11
,,,,,,,,,,,,,,,,,,,,,,,,,,,,,,,,FOUSA08OPM,"484,700,000.00",1/31/12
,,,,,,,,,,,,,,,,,,,,,,,,,,,,,,,,F0GBR04ND7,,
,,,,,,,,,,,,,,,,,,,,,,,,,,,,,,,,F0GBR0619S,,
,,,,,,,,,,,,,,,,,,,,,,,,,,,,,,,,FOUSA090C7,"3,152,000,000.00",12/31/11
,,,,,,,,,,,,,,,,,,,,,,,,,,,,,,,,FHUSA04CFQ,"1,003,000,000.00",1/31/12
,,,,,,,,,,,,,,,,,,,,,,,,,,,,,,,,FOUSA05KZR,"3,152,000,000.00",12/31/11
,,,,,,,,,,,,,,,,,,,,,,,,,,,,,,,,FHUSA04EZD,"119,800,000.00",12/31/11
,,,,,,,,,,,,,,,,,,,,,,,,,,,,,,,,F00000N51B,"557,578,977.00",12/31/11
,,,,,,,,,,,,,,,,,,,,,,,,,,,,,,,,F00000N51A,"557,578,977.00",12/31/11
,,,,,,,,,,,,,,,,,,,,,,,,,,,,,,,,FHUSA04F4W,"1,332,400,000.00",12/31/11
,,,,,,,,,,,,,,,,,,,,,,,,,,,,,,,,FHUSA04BED,"129,430,000.00",12/31/11
,,,,,,,,,,,,,,,,,,,,,,,,,,,,,,,,F00000J5E6,"1,058,191,501.00",11/30/11
,,,,,,,,,,,,,,,,,,,,,,,,,,,,,,,,FHUSA04B40,"6,623,000,000.00",12/31/11
,,,,,,,,,,,,,,,,,,,,,,,,,,,,,,,,FHUSA04CX1,"347,000,000.00",12/31/11
,,,,,,,,,,,,,,,,,,,,,,,,,,,,,,,,FOUSA06GON,"1,131,000,000.00",1/31/12
,,,,,,,,,,,,,,,,,,,,,,,,,,,,,,,,FOUSA05TZX,,
,,,,,,,,,,,,,,,,,,,,,,,,,,,,,,,,FOUSA06GOR,"852,350,276.00",12/31/11
,,,,,,,,,,,,,,,,,,,,,,,,,,,,,,,,FHUSA04D0L,"947,704,929.00",10/31/11
,,,,,,,,,,,,,,,,,,,,,,,,,,,,,,,,FOUSA06N18,,
,,,,,,,,,,,,,,,,,,,,,,,,,,,,,,,,FOUSA09F8Y,"2,716,862,901.00",12/31/11
,,,,,,,,,,,,,,,,,,,,,,,,,,,,,,,,FHUSA04GSP,"90,000,000.00",12/31/11
,,,,,,,,,,,,,,,,,,,,,,,,,,,,,,,,FOUSA085YS,"6,900,000,000.00",9/30/11
,,,,,,,,,,,,,,,,,,,,,,,,,,,,,,,,FOUSA06GOT,"852,350,276.00",12/31/11
,,,,,,,,,,,,,,,,,,,,,,,,,,,,,,,,F00000MUIA,"740,100,000.00",8/31/11
,,,,,,,,,,,,,,,,,,,,,,,,,,,,,,,,F00000MUIB,"740,100,000.00",8/31/11
,,,,,,,,,,,,,,,,,,,,,,,,,,,,,,,,F00000MUI9,"740,100,000.00",8/31/11
,,,,,,,,,,,,,,,,,,,,,,,,,,,,,,,,F00000MUIC,"740,100,000.00",8/31/11
,,,,,,,,,,,,,,,,,,,,,,,,,,,,,,,,FHUSA04GWN,"139,900,000.00",9/30/11
,,,,,,,,,,,,,,,,,,,,,,,,,,,,,,,,FHUSA04AFW,"95,600,000,000.00",10/31/10
,,,,,,,,,,,,,,,,,,,,,,,,,,,,,,,,FHUSA04I3B,"34,224,517,000.00",12/31/11
,,,,,,,,,,,,,,,,,,,,,,,,,,,,,,,,FHUSA04AN8,"718,000,000.00",4/30/11
,,,,,,,,,,,,,,,,,,,,,,,,,,,,,,,,FOUSA06UDC,"3,345,067,000,000.00",9/30/11
,,,,,,,,,,,,,,,,,,,,,,,,,,,,,,,,FHUSA04EL0,"248,000,000.00",1/31/12
,,,,,,,,,,,,,,,,,,,,,,,,,,,,,,,,FHUSA04AL7,,
,,,,,,,,,,,,,,,,,,,,,,,,,,,,,,,,FHUSA04AUC,"2,037,000,000.00",12/31/11
,,,,,,,,,,,,,,,,,,,,,,,,,,,,,,,,FHUSA04BQG,"105,900,000.00",11/30/10
,,,,,,,,,,,,,,,,,,,,,,,,,,,,,,,,FOUSA05KZQ,"3,152,000,000.00",12/31/11
,,,,,,,,,,,,,,,,,,,,,,,,,,,,,,,,FHUSA04F5X,"3,152,000,000.00",12/31/11
,,,,,,,,,,,,,,,,,,,,,,,,,,,,,,,,FOUSA06A70,"309,000,000.00",12/31/11
,,,,,,,,,,,,,,,,,,,,,,,,,,,,,,,,FOUSA08OLD,"813,000,000.00",10/31/11
,,,,,,,,,,,,,,,,,,,,,,,,,,,,,,,,FHUSA04DWF,"3,636,800,000.00",12/31/11
,,,,,,,,,,,,,,,,,,,,,,,,,,,,,,,,F00000JSD3,"307,000,000.00",12/31/11
,,,,,,,,,,,,,,,,,,,,,,,,,,,,,,,,FHUSA04AU9,"2,037,000,000.00",12/31/11
,,,,,,,,,,,,,,,,,,,,,,,,,,,,,,,,FHUSA04IBA,"920,000,000.00",1/31/12
,,,,,,,,,,,,,,,,,,,,,,,,,,,,,,,,FOUSA08QT4,"550,000,000.00",1/31/11
,,,,,,,,,,,,,,,,,,,,,,,,,,,,,,,,F00000N5ZM,,
,,,,,,,,,,,,,,,,,,,,,,,,,,,,,,,,FOUSA05L4Y,"113,439,946.00",1/31/12
,,,,,,,,,,,,,,,,,,,,,,,,,,,,,,,,FHUSA04EZ3,"11,362,800,000.00",12/31/11
,,,,,,,,,,,,,,,,,,,,,,,,,,,,,,,,F00000IRVZ,"11,362,800,000.00",12/31/11
,,,,,,,,,,,,,,,,,,,,,,,,,,,,,,,,FOUSA06U03,"1,000,000,000.00",12/31/11
,,,,,,,,,,,,,,,,,,,,,,,,,,,,,,,,FHUSA04CQV,,
,,,,,,,,,,,,,,,,,,,,,,,,,,,,,,,,FHUSA04IBR,"959,480,906.00",12/31/11
,,,,,,,,,,,,,,,,,,,,,,,,,,,,,,,,FHUSA04ASF,"1,456,470,000.00",12/31/11
,,,,,,,,,,,,,,,,,,,,,,,,,,,,,,,,FOUSA09K0R,"6,870,000,000.00",1/31/12
,,,,,,,,,,,,,,,,,,,,,,,,,,,,,,,,F00000GVMH,"2,349,000,000.00",11/30/11
,,,,,,,,,,,,,,,,,,,,,,,,,,,,,,,,FHUSA04HMT,"112,000,000.00",12/31/11
,,,,,,,,,,,,,,,,,,,,,,,,,,,,,,,,FOUSA06XQJ,"112,000,000.00",1/31/12
,,,,,,,,,,,,,,,,,,,,,,,,,,,,,,,,FOUSA07ZP2,"112,000,000.00",1/31/12
,,,,,,,,,,,,,,,,,,,,,,,,,,,,,,,,F00000ISA5,"514,308,924.00",9/30/10
,,,,,,,,,,,,,,,,,,,,,,,,,,,,,,,,F00000M9QR,,
,,,,,,,,,,,,,,,,,,,,,,,,,,,,,,,,FOUSA09KSW,"113,268,297.00",11/30/11
,,,,,,,,,,,,,,,,,,,,,,,,,,,,,,,,FOUSA09JHT,"11,740,962,444.00",10/31/11
,,,,,,,,,,,,,,,,,,,,,,,,,,,,,,,,FHUSA04DHE,"11,740,962,444.00",10/31/11
,,,,,,,,,,,,,,,,,,,,,,,,,,,,,,,,FHUSA04B4D,"2,270,017,000.00",12/31/11
,,,,,,,,,,,,,,,,,,,,,,,,,,,,,,,,FOUSA0802A,,
,,,,,,,,,,,,,,,,,,,,,,,,,,,,,,,,FOUSA0904J,"137,800,000.00",1/31/12
,,,,,,,,,,,,,,,,,,,,,,,,,,,,,,,,FHUSA04H4C,"1,000,000,000.00",12/31/11
,,,,,,,,,,,,,,,,,,,,,,,,,,,,,,,,F00000MLK5,,
,,,,,,,,,,,,,,,,,,,,,,,,,,,,,,,,FOUSA05KVG,,
,,,,,,,,,,,,,,,,,,,,,,,,,,,,,,,,F00000M10Z,,
,,,,,,,,,,,,,,,,,,,,,,,,,,,,,,,,FHUSA04B6U,"31,300,000,000.00",12/31/11
,,,,,,,,,,,,,,,,,,,,,,,,,,,,,,,,FOUSA06IRW,"4,601,700,000.00",12/31/11
,,,,,,,,,,,,,,,,,,,,,,,,,,,,,,,,FOUSA06IS3,"4,601,700,000.00",12/31/11
,,,,,,,,,,,,,,,,,,,,,,,,,,,,,,,,FHUSA04D3B,"545,000,000.00",2/28/11
,,,,,,,,,,,,,,,,,,,,,,,,,,,,,,,,FOUSA06IR5,"115,000,000.00",1/31/12
,,,,,,,,,,,,,,,,,,,,,,,,,,,,,,,,F00000LZ71,,
,,,,,,,,,,,,,,,,,,,,,,,,,,,,,,,,F00000MGF7,,
,,,,,,,,,,,,,,,,,,,,,,,,,,,,,,,,F0GBR06BEU,,
,,,,,,,,,,,,,,,,,,,,,,,,,,,,,,,,F0GBR06BEY,,
,,,,,,,,,,,,,,,,,,,,,,,,,,,,,,,,F000000EZJ,,
,,,,,,,,,,,,,,,,,,,,,,,,,,,,,,,,FOUSA05KZV,"150,000,000.00",7/31/09
,,,,,,,,,,,,,,,,,,,,,,,,,,,,,,,,FHUSA04F6D,"150,000,000.00",7/31/09
,,,,,,,,,,,,,,,,,,,,,,,,,,,,,,,,F00000MFOU,"150,000,000.00",7/31/09
,,,,,,,,,,,,,,,,,,,,,,,,,,,,,,,,FOUSA090LV,"391,355,582.00",1/31/12
,,,,,,,,,,,,,,,,,,,,,,,,,,,,,,,,FOUSA09L1P,"310,500,000.00",12/31/11
,,,,,,,,,,,,,,,,,,,,,,,,,,,,,,,,FHUSA04B6K,"333,000,000.00",12/31/11
,,,,,,,,,,,,,,,,,,,,,,,,,,,,,,,,FOUSA07XFJ,"236,000,000.00",1/31/12
,,,,,,,,,,,,,,,,,,,,,,,,,,,,,,,,FOUSA06UU6,"2,641,823,366.00",9/30/11
,,,,,,,,,,,,,,,,,,,,,,,,,,,,,,,,F00000JSL0,"8,610,202,091.00",12/31/11
,,,,,,,,,,,,,,,,,,,,,,,,,,,,,,,,F00000JSKZ,"8,610,202,091.00",12/31/11
,,,,,,,,,,,,,,,,,,,,,,,,,,,,,,,,FHUSA04DR6,"33,148,733,336.00",12/31/11
,,,,,,,,,,,,,,,,,,,,,,,,,,,,,,,,F00000MHIL,,
,,,,,,,,,,,,,,,,,,,,,,,,,,,,,,,,FOUSA06A4G,"10,211,000,000.00",12/31/11
,,,,,,,,,,,,,,,,,,,,,,,,,,,,,,,,FOUSA08PTO,"1,261,000,000.00",1/31/12
,,,,,,,,,,,,,,,,,,,,,,,,,,,,,,,,FHUSA04CTV,,
,,,,,,,,,,,,,,,,,,,,,,,,,,,,,,,,FOUSA06LNY,"1,974,590,000.00",1/31/12
,,,,,,,,,,,,,,,,,,,,,,,,,,,,,,,,F00000JZET,,
,,,,,,,,,,,,,,,,,,,,,,,,,,,,,,,,F00000JZES,,
,,,,,,,,,,,,,,,,,,,,,,,,,,,,,,,,F00000MEFP,,
,,,,,,,,,,,,,,,,,,,,,,,,,,,,,,,,FHUSA04HIQ,"350,000,000.00",3/31/10
,,,,,,,,,,,,,,,,,,,,,,,,,,,,,,,,FOUSA05LIH,"238,500,000.00",12/31/11
,,,,,,,,,,,,,,,,,,,,,,,,,,,,,,,,FHUSA04BHO,"21,101,500,000.00",6/30/11
,,,,,,,,,,,,,,,,,,,,,,,,,,,,,,,,FOUSA06MUP,"29,706,000,000.00",6/30/10
,,,,,,,,,,,,,,,,,,,,,,,,,,,,,,,,FHUSA04AUB,"2,037,000,000.00",12/31/11
,,,,,,,,,,,,,,,,,,,,,,,,,,,,,,,,FHUSA04AZ4,"243,000,000.00",1/31/12
,,,,,,,,,,,,,,,,,,,,,,,,,,,,,,,,F00000GW8J,"7,000,000,000.00",8/31/11
,,,,,,,,,,,,,,,,,,,,,,,,,,,,,,,,F0GBR06BCS,"99,277,224,542.00",3/31/11
,,,,,,,,,,,,,,,,,,,,,,,,,,,,,,,,F0GBR06BCU,"99,277,224,542.00",3/31/11
,,,,,,,,,,,,,,,,,,,,,,,,,,,,,,,,FHUSA04C7T,"105,933,187.00",1/31/12
,,,,,,,,,,,,,,,,,,,,,,,,,,,,,,,,F000000CCQ,,
,,,,,,,,,,,,,,,,,,,,,,,,,,,,,,,,FHUSA04BOI,"127,000,000,000.00",1/31/12
,,,,,,,,,,,,,,,,,,,,,,,,,,,,,,,,FOUSA05L40,"1,058,191,501.00",11/30/11
,,,,,,,,,,,,,,,,,,,,,,,,,,,,,,,,FHUSA04G5X,"105,400,000.00",12/31/11
,,,,,,,,,,,,,,,,,,,,,,,,,,,,,,,,FOUSA08XHO,,
,,,,,,,,,,,,,,,,,,,,,,,,,,,,,,,,FOUSA08XHQ,,
,,,,,,,,,,,,,,,,,,,,,,,,,,,,,,,,FHUSA04BOK,"127,000,000,000.00",1/31/12
,,,,,,,,,,,,,,,,,,,,,,,,,,,,,,,,FHUSA04FL4,"300,000,000.00",12/31/11
,,,,,,,,,,,,,,,,,,,,,,,,,,,,,,,,F00000JNFM,"558,000,000.00",12/31/11
,,,,,,,,,,,,,,,,,,,,,,,,,,,,,,,,FOUSA06HK6,"143,124,193.00",11/30/11
,,,,,,,,,,,,,,,,,,,,,,,,,,,,,,,,F0GBR05VD2,,
,,,,,,,,,,,,,,,,,,,,,,,,,,,,,,,,FOUSA06UT1,"142,420,000.00",1/31/12
,,,,,,,,,,,,,,,,,,,,,,,,,,,,,,,,FOUSA05KVI,,
,,,,,,,,,,,,,,,,,,,,,,,,,,,,,,,,FOUSA08Y8X,"130,000,000.00",10/31/11
,,,,,,,,,,,,,,,,,,,,,,,,,,,,,,,,FHUSA04CX3,"347,000,000.00",12/31/11
,,,,,,,,,,,,,,,,,,,,,,,,,,,,,,,,FOUSA06U5R,"1,900,000,000.00",6/30/11
,,,,,,,,,,,,,,,,,,,,,,,,,,,,,,,,FOUSA05L59,"130,000,000.00",10/31/11
,,,,,,,,,,,,,,,,,,,,,,,,,,,,,,,,FOUSA08ZJW,"951,874,000.00",12/31/11
,,,,,,,,,,,,,,,,,,,,,,,,,,,,,,,,F00000MA0Y,"990,074,840.00",10/31/10
,,,,,,,,,,,,,,,,,,,,,,,,,,,,,,,,FOUSA05LEX,"338,400,000.00",9/30/11
,,,,,,,,,,,,,,,,,,,,,,,,,,,,,,,,F00000NA6T,"199,000,000.00",12/31/11
,,,,,,,,,,,,,,,,,,,,,,,,,,,,,,,,FHUSA04BL4,"3,345,067,000,000.00",9/30/11
,,,,,,,,,,,,,,,,,,,,,,,,,,,,,,,,FHUSA04CFD,"317,000,000.00",1/31/12
,,,,,,,,,,,,,,,,,,,,,,,,,,,,,,,,F00000JTJ6,"317,000,000.00",1/31/12
,,,,,,,,,,,,,,,,,,,,,,,,,,,,,,,,F00000JTJ5,"317,000,000.00",1/31/12
,,,,,,,,,,,,,,,,,,,,,,,,,,,,,,,,FOUSA06A72,"107,000,000.00",12/31/11
,,,,,,,,,,,,,,,,,,,,,,,,,,,,,,,,FOUSA06HN2,"8,428,000,000.00",1/31/12
,,,,,,,,,,,,,,,,,,,,,,,,,,,,,,,,FOUSA08OKO,"8,428,000,000.00",1/31/12
,,,,,,,,,,,,,,,,,,,,,,,,,,,,,,,,FHUSA04FSU,"297,816,529.00",1/31/12
,,,,,,,,,,,,,,,,,,,,,,,,,,,,,,,,F000000CCK,,
,,,,,,,,,,,,,,,,,,,,,,,,,,,,,,,,F000000ARI,"99,277,224,542.00",3/31/11
,,,,,,,,,,,,,,,,,,,,,,,,,,,,,,,,F00000H6DG,"99,277,224,542.00",3/31/11
,,,,,,,,,,,,,,,,,,,,,,,,,,,,,,,,F00000M895,,
,,,,,,,,,,,,,,,,,,,,,,,,,,,,,,,,FOUSA09J7O,,
,,,,,,,,,,,,,,,,,,,,,,,,,,,,,,,,FHUSA04B3T,"180,000,000.00",12/31/11
,,,,,,,,,,,,,,,,,,,,,,,,,,,,,,,,F00000LZB1,"120,322,170.00",12/31/11
,,,,,,,,,,,,,,,,,,,,,,,,,,,,,,,,FHUSA04GXU,"6,629,000,000.00",12/31/11
,,,,,,,,,,,,,,,,,,,,,,,,,,,,,,,,FHUSA04GBT,"1,569,196,812.00",6/30/11
,,,,,,,,,,,,,,,,,,,,,,,,,,,,,,,,FHUSA04DWE,"3,636,800,000.00",12/31/11
,,,,,,,,,,,,,,,,,,,,,,,,,,,,,,,,FOUSA06OP8,,
,,,,,,,,,,,,,,,,,,,,,,,,,,,,,,,,FHUSA04F8Q,"12,483,000,000.00",12/31/11
,,,,,,,,,,,,,,,,,,,,,,,,,,,,,,,,FOUSA06JHY,"1,520,000,000.00",12/31/11
,,,,,,,,,,,,,,,,,,,,,,,,,,,,,,,,FHUSA04B1Z,"666,727,000.00",12/31/11
,,,,,,,,,,,,,,,,,,,,,,,,,,,,,,,,FHUSA04GX5,"3,726,146,966.00",6/30/11
,,,,,,,,,,,,,,,,,,,,,,,,,,,,,,,,F000005QLK,"6,186,841,665.00",1/31/12
,,,,,,,,,,,,,,,,,,,,,,,,,,,,,,,,FOUSA09KQO,"105,669,100.00",1/31/12
,,,,,,,,,,,,,,,,,,,,,,,,,,,,,,,,FOUSA08N44,"105,669,100.00",1/31/12
,,,,,,,,,,,,,,,,,,,,,,,,,,,,,,,,,,
Summary Statistics,,,,,,,,,,,,,,,,,,,,,,,,,,,,,,,,,,
Eightieth Percentile,,,2.53,-1.11,8.46,4.45,4.58,7.76,6.37,-27.57,6.75,4.4,-8.83,,,,,,,,,,,,,,,,,,,,"422,312,000.00",
Sixtieth Percentile,,,7.52,2.97,12.56,7.18,7.36,10.71,10.13,-19.14,13.26,7.06,-4.82,,,,,,,,,,,,,,,,,,,,"994,952,000.00",
Fortieth Percentile,,,10.91,6.06,19.37,10.17,10.11,13.28,14.16,-9,20.02,10.52,-1.72,,,,,,,,,,,,,,,,,,,,"2,233,800,000.00",
Twentieth Percentile,,,16.89,14.79,33,16.78,14.77,18.8,21.32,7.69,35.75,16.34,4.04,,,,,,,,,,,,,,,,,,,,"7,385,500,000.00",
Sum,,,"3,859.07","2,742.86","12,068.13","6,103.34","7,498.68","11,342.95","13,154.82","-10,752.88","24,301.19","11,821.74","-2,534.05",,,,,,,,,,,,,,,,,,,,"30,965,946,507,537.00",
Average,,,11.15,6.55,25.09,10.8,11.16,14.47,15.17,-11.21,24.04,10.97,-2.65,,,,,,,,,,,,,,,,,,,,"35,029,351,252.87",
Count,,"1,192",346,419,481,565,672,784,867,959,"1,011","1,078",957,,,,,,,,,,,,,,,,,,,,884,884
Maximum,,,135.53,64.79,"1,475.57",89.88,172.38,139.15,199.82,108.92,229.13,95.67,99.64,,,,,,,,,,,,,,,,,,,,"3,345,067,000,000.00",
Minimum,,,-22.16,-37.21,-13.41,-16.68,-16.97,-15.74,-23.14,-91.54,-68.5,-55.93,-77.96,,,,,,,,,,,,,,,,,,,,"34,100.00",
Median,,,9.44,4.53,15.43,8.46,8.71,12.05,12.17,-15.34,16.14,8.49,-3.23,,,,,,,,,,,,,,,,,,,,"1,518,850,000.00",
Standard Deviation,,,14.31,12.81,69.6,11.09,12.78,12.54,15.6,24.49,29.07,11.26,10.45,,,,,,,,,,,,,,,,,,,,"296,827,623,387.15",